{
  "network": {
    "n_nodes": 471,
    "n_edges": 764,
    "probability_p": 0.006412825651302605
  },
  "alpha_tests": {
    "0.0": {
      "alpha": 0.0,
      "mean": -0.7455767472783178,
      "std": 0.38912006022158946,
      "min": -1.4285714285714284,
      "max": 0.33333333333333337,
      "success": true
    },
    "0.25": {
      "alpha": 0.25,
      "mean": -0.5258842869608576,
      "std": 0.366836225521332,
      "min": -1.0714285714285712,
      "max": 0.625,
      "success": true
    },
    "0.5": {
      "alpha": 0.5,
      "mean": -0.34884432394249143,
      "std": 0.24996669614211176,
      "min": -0.714285714285714,
      "max": 0.5,
      "success": true
    },
    "0.75": {
      "alpha": 0.75,
      "mean": -0.17442216197124571,
      "std": 0.12498334807105589,
      "min": -0.3571428571428572,
      "max": 0.25,
      "success": true
    },
    "1.0": {
      "alpha": 1.0,
      "mean": 0.0,
      "std": 0.0,
      "min": 0.0,
      "max": 0.0,
      "success": true
    }
  },
  "summary": {
    "n_alpha_tested": 5,
    "alpha_range": [
      0.0,
      1.0
    ],
    "mean_range": [
      -0.7455767472783178,
      0.0
    ]
  }
}