{
  "strategy": "R1_file",
  "n_nodes": 500,
  "n_edges": 815,
  "curvature_mean": -0.19736848678579655,
  "curvature_median": -0.1607142857142856,
  "curvature_std": 0.23486862186209254,
  "curvature_min": -0.8871173469387752,
  "curvature_max": 0.25,
  "geometry": "hyperbolic",
  "valid_range": true,
  "success": true
}