{
  "languages": {
    "ES": {
      "mean": -0.10415522963041798,
      "std": 0.16156290928156686,
      "n_values": 776
    },
    "NL": {
      "mean": -0.1721940466625501,
      "std": 0.2223177812494482,
      "n_values": 816
    },
    "ZH": {
      "mean": -0.1893469163123163,
      "std": 0.2247138432955826,
      "n_values": 799
    },
    "EN": {
      "mean": -0.19736848678579655,
      "std": 0.23486862186209254,
      "n_values": 811
    }
  },
  "pairwise_comparisons": {
    "EN vs ES": {
      "lang1": "EN",
      "lang2": "ES",
      "mean1": -0.19736848678579655,
      "mean2": -0.10415522963041798,
      "mean_diff": -0.09321325715537856,
      "t_statistic": -9.166674711144296,
      "p_value": 1.467736600852176e-19,
      "p_value_bonferroni": 0.008333333333333333,
      "significant_bonferroni": true,
      "cohens_d": -0.462132867415372,
      "effect_size": "medium"
    },
    "EN vs NL": {
      "lang1": "EN",
      "lang2": "NL",
      "mean1": -0.19736848678579655,
      "mean2": -0.1721940466625501,
      "mean_diff": -0.02517444012324646,
      "t_statistic": -2.2190351114501903,
      "p_value": 0.026622011778159177,
      "p_value_bonferroni": 0.008333333333333333,
      "significant_bonferroni": false,
      "cohens_d": -0.11001851577895302,
      "effect_size": "small"
    },
    "EN vs ZH": {
      "lang1": "EN",
      "lang2": "ZH",
      "mean1": -0.19736848678579655,
      "mean2": -0.1893469163123163,
      "mean_diff": -0.00802157047348026,
      "t_statistic": -0.6995994280503943,
      "p_value": 0.4842786891750279,
      "p_value_bonferroni": 0.008333333333333333,
      "significant_bonferroni": false,
      "cohens_d": -0.03487788307405094,
      "effect_size": "small"
    },
    "ES vs NL": {
      "lang1": "ES",
      "lang2": "NL",
      "mean1": -0.10415522963041798,
      "mean2": -0.1721940466625501,
      "mean_diff": 0.0680388170321321,
      "t_statistic": 6.951388931034557,
      "p_value": 5.261225675001418e-12,
      "p_value_bonferroni": 0.008333333333333333,
      "significant_bonferroni": true,
      "cohens_d": 0.3499027860612539,
      "effect_size": "medium"
    },
    "ES vs ZH": {
      "lang1": "ES",
      "lang2": "ZH",
      "mean1": -0.10415522963041798,
      "mean2": -0.1893469163123163,
      "mean_diff": 0.0851916866818983,
      "t_statistic": 8.61155408480527,
      "p_value": 1.721107788055275e-17,
      "p_value_bonferroni": 0.008333333333333333,
      "significant_bonferroni": true,
      "cohens_d": 0.4350371029212511,
      "effect_size": "medium"
    },
    "NL vs ZH": {
      "lang1": "NL",
      "lang2": "ZH",
      "mean1": -0.1721940466625501,
      "mean2": -0.1893469163123163,
      "mean_diff": 0.0171528696497662,
      "t_statistic": 1.541025860191914,
      "p_value": 0.12350663792958291,
      "p_value_bonferroni": 0.008333333333333333,
      "significant_bonferroni": false,
      "cohens_d": 0.07669254627167325,
      "effect_size": "small"
    }
  },
  "anova": {
    "F_statistic": 30.9725192588451,
    "p_value": 9.890965923112298e-20,
    "significant": true
  },
  "kruskal_wallis": {
    "H_statistic": 50.56113386574014,
    "p_value": 6.067164989933967e-11,
    "significant": true
  },
  "bonferroni": {
    "n_comparisons": 6,
    "alpha_original": 0.05,
    "alpha_corrected": 0.008333333333333333,
    "n_significant": 3
  },
  "summary": {
    "n_languages": 4,
    "all_hyperbolic": true,
    "overall_mean": -0.16576616984777023,
    "overall_std": 0.03671506364725793,
    "range": [
      -0.19736848678579655,
      -0.10415522963041798
    ]
  }
}