{
  "method": "exact_LP",
  "N_fixed": 100,
  "n_seeds": 10,
  "n_threads": 8,
  "seeds": [
    42,
    137,
    271,
    314,
    577,
    691,
    823,
    967,
    1049,
    1153
  ],
  "solver": "HiGHS",
  "description": "BA scale-free comparison with 3 density parameters (10 seeds)",
  "graph_model": "Barabási-Albert G(N,m) preferential attachment",
  "alpha": 0.5,
  "experiment": "barabasi_albert_comparison_n100",
  "results": [
    {
      "eta_double_prime": 0.24618,
      "kappa_std_edges": 0.19060492024726192,
      "kappa_min": -0.6527777777777781,
      "kappa_hub_leaf": -0.2977341177341176,
      "n_leaf_leaf_edges": 132,
      "k_min": 1.9,
      "kappa_std_ensemble": 0.020118763765015167,
      "k_mean": 3.920000000000001,
      "eta": 0.15366400000000005,
      "lly_kappa_std_ensemble": 0.019736816191617608,
      "clustering": 0.0641573994867408,
      "per_seed_kappa_means": [
        -0.19068655206077556,
        -0.20866193283285112,
        -0.24314713064713056,
        -0.25921111238981803,
        -0.21500459366230673,
        -0.19681800861647797,
        -0.21465119324936632,
        -0.21845218311048056,
        -0.21518602049376706,
        -0.2165113089857988
      ],
      "kappa_hub_hub": -0.39274475524475516,
      "k_max": 25.3,
      "k_std": 3.6183465023059993,
      "n_seeds": 10,
      "kappa_mean": -0.21783300360487728,
      "n_hub_hub_edges": 4,
      "kappa_max": 0.375,
      "N": 100,
      "n_hub_leaf_edges": 60,
      "geometry": "HYPERBOLIC",
      "lly_kappa_mean": -0.6608530618744731,
      "k_second_moment": 28.538000000000004,
      "E": 196,
      "k_excess": 24.618000000000002,
      "eta_prime": 0.28538,
      "m": 2,
      "kappa_leaf_leaf": -0.17425144300144302,
      "kappa_median": -0.24108669108669112,
      "per_seed_lly_means": [
        -0.6940332478819613,
        -0.6632204624551565,
        -0.6455046087699148,
        -0.6448711063372716,
        -0.6273035354668007,
        -0.6826653599612783,
        -0.667243366683788,
        -0.6678201766010574,
        -0.647919668526172,
        -0.667949086061331
      ]
    },
    {
      "eta_double_prime": 0.4897599999999999,
      "kappa_std_edges": 0.12579730249654336,
      "kappa_min": -0.4375,
      "kappa_hub_leaf": -0.24058578401624015,
      "n_leaf_leaf_edges": 178,
      "k_min": 3.0,
      "kappa_std_ensemble": 0.012136929714689562,
      "k_mean": 5.82,
      "eta": 0.3387240000000001,
      "lly_kappa_std_ensemble": 0.0135905546397186,
      "clustering": 0.0729448089540718,
      "per_seed_kappa_means": [
        -0.14526260388645082,
        -0.1688286209763341,
        -0.16821327247941453,
        -0.1634923807073594,
        -0.18574466055136163,
        -0.17420609637443596,
        -0.1802509424492569,
        -0.17872273568999655,
        -0.18613959072627592,
        -0.16933528227494263
      ],
      "kappa_hub_hub": -0.13208503098208935,
      "k_max": 29.5,
      "k_std": 4.5861389528672225,
      "n_seeds": 10,
      "kappa_mean": -0.17201961861158283,
      "n_hub_hub_edges": 6,
      "kappa_max": 0.29166666666666663,
      "N": 100,
      "n_hub_leaf_edges": 107,
      "geometry": "HYPERBOLIC",
      "lly_kappa_mean": -0.6910958896555816,
      "k_second_moment": 54.79600000000001,
      "E": 291,
      "k_excess": 48.97599999999999,
      "eta_prime": 0.5479600000000001,
      "m": 3,
      "kappa_leaf_leaf": -0.1277605509347082,
      "kappa_median": -0.18055555555555558,
      "per_seed_lly_means": [
        -0.6983689884259607,
        -0.6820112710183247,
        -0.6820071058540944,
        -0.679573172599249,
        -0.6679924695388613,
        -0.7071079899428819,
        -0.7038537715395162,
        -0.6917351273458642,
        -0.6884701339937368,
        -0.709838866297326
      ]
    },
    {
      "eta_double_prime": 0.8328,
      "kappa_std_edges": 0.0911515562298374,
      "kappa_min": -0.42500000000000004,
      "kappa_hub_leaf": -0.12161585229724332,
      "n_leaf_leaf_edges": 225,
      "k_min": 3.9,
      "kappa_std_ensemble": 0.007120803365797396,
      "k_mean": 7.6800000000000015,
      "eta": 0.5898240000000002,
      "lly_kappa_std_ensemble": 0.01250454879936249,
      "clustering": 0.13297872340425532,
      "per_seed_kappa_means": [
        -0.09898895422218029,
        -0.10023381206262084,
        -0.1119455231928047,
        -0.1057002884010535,
        -0.10875642581917778,
        -0.09571391938502093,
        -0.11541343281922327,
        -0.09860001970813087,
        -0.11395813017431257,
        -0.11029185486936309
      ],
      "kappa_hub_hub": -0.000804804613668953,
      "k_max": 32.8,
      "k_std": 5.663085953411237,
      "n_seeds": 10,
      "kappa_mean": -0.10596023606538878,
      "n_hub_hub_edges": 19,
      "kappa_max": 0.25,
      "N": 100,
      "n_hub_leaf_edges": 140,
      "geometry": "HYPERBOLIC",
      "lly_kappa_mean": -0.6910937083865794,
      "k_second_moment": 90.96000000000001,
      "E": 384,
      "k_excess": 83.28,
      "eta_prime": 0.9096000000000001,
      "m": 4,
      "kappa_leaf_leaf": -0.11249138515805185,
      "kappa_median": -0.11394230769230773,
      "per_seed_lly_means": [
        -0.6741065630311954,
        -0.6869633949510953,
        -0.6939037388031098,
        -0.6961910211933531,
        -0.706635144618176,
        -0.6804601389775916,
        -0.6930207858930291,
        -0.7143800670723163,
        -0.6861166850142438,
        -0.6791595443116827
      ]
    },
    {
      "eta_double_prime": 1.2405,
      "kappa_std_edges": 0.0803370136268435,
      "kappa_min": -0.2941176470588238,
      "kappa_hub_leaf": -0.06438941946741882,
      "n_leaf_leaf_edges": 314,
      "k_min": 4.4,
      "kappa_std_ensemble": 0.005105646752764223,
      "k_mean": 9.5,
      "eta": 0.9025,
      "lly_kappa_std_ensemble": 0.009949815784750786,
      "clustering": 0.15992102665350444,
      "per_seed_kappa_means": [
        -0.04616222950763041,
        -0.053450451275031646,
        -0.05003919014743513,
        -0.050810836361839834,
        -0.05404466680311958,
        -0.05676799294966736,
        -0.06216462686082204,
        -0.055457266146487175,
        -0.062264808291124,
        -0.05216468858943398
      ],
      "kappa_hub_hub": 0.04126933672388238,
      "k_max": 38.2,
      "k_std": 6.604024319285751,
      "n_seeds": 10,
      "kappa_mean": -0.054332675693259114,
      "n_hub_hub_edges": 11,
      "kappa_max": 0.18333333333333335,
      "N": 100,
      "n_hub_leaf_edges": 150,
      "geometry": "HYPERBOLIC",
      "lly_kappa_mean": -0.6726899972185677,
      "k_second_moment": 133.55,
      "E": 475,
      "k_excess": 124.04999999999998,
      "eta_prime": 1.3355000000000001,
      "m": 5,
      "kappa_leaf_leaf": -0.04959801548990772,
      "kappa_median": -0.05769230769230771,
      "per_seed_lly_means": [
        -0.675609757203885,
        -0.6731926890224764,
        -0.6496435317043266,
        -0.6729667267859005,
        -0.6814254424293534,
        -0.682403109145167,
        -0.6693931155024849,
        -0.6799317129740793,
        -0.6786633378932548,
        -0.6636705495247482
      ]
    },
    {
      "eta_double_prime": 1.6719400000000002,
      "kappa_std_edges": 0.07087382672865213,
      "kappa_min": -0.23484848484848486,
      "kappa_hub_leaf": -0.022533588952211574,
      "n_leaf_leaf_edges": 339,
      "k_min": 4.9,
      "kappa_std_ensemble": 0.0055609596760861175,
      "k_mean": 11.28,
      "eta": 1.2723839999999997,
      "lly_kappa_std_ensemble": 0.013089036436344103,
      "clustering": 0.1834940788670492,
      "per_seed_kappa_means": [
        -0.015827620042577487,
        -0.012605663438181034,
        -0.009991134950229049,
        -0.006191710874945646,
        -0.020285566762360197,
        -0.019691550316725225,
        -0.02013738135399255,
        -0.013541293444825613,
        -0.024900018292176945,
        -0.0163391355656426
      ],
      "kappa_hub_hub": 0.09822843278725643,