{
  "method": "exact_LP",
  "N_fixed": 200,
  "n_seeds": 10,
  "n_threads": 8,
  "seeds": [
    42,
    137,
    271,
    314,
    577,
    691,
    823,
    967,
    1049,
    1153
  ],
  "solver": "HiGHS",
  "description": "BA scale-free comparison with 3 density parameters (10 seeds)",
  "graph_model": "Barabási-Albert G(N,m) preferential attachment",
  "alpha": 0.5,
  "experiment": "barabasi_albert_comparison_n200",
  "results": [
    {
      "eta_double_prime": 0.146005,
      "kappa_std_edges": 0.18551088991039313,
      "kappa_min": -0.666666666666667,
      "kappa_hub_leaf": -0.3842749557290824,
      "n_leaf_leaf_edges": 252,
      "k_min": 2.0,
      "kappa_std_ensemble": 0.015901271647816895,
      "k_mean": 3.96,
      "eta": 0.07840799999999999,
      "lly_kappa_std_ensemble": 0.006573358062107771,
      "clustering": 0.03707995365005794,
      "per_seed_kappa_means": [
        -0.2559862484940469,
        -0.2920312945203883,
        -0.3047982303190637,
        -0.3088148948206203,
        -0.2946240229049464,
        -0.2767623012388323,
        -0.2946671391385073,
        -0.2772996718406242,
        -0.29869373489165163,
        -0.2993399873546933
      ],
      "kappa_hub_hub": -0.46705203619909497,
      "k_max": 35.3,
      "k_std": 4.167606230066937,
      "n_seeds": 10,
      "kappa_mean": -0.2903017525523374,
      "n_hub_hub_edges": 10,
      "kappa_max": 0.41666666666666674,
      "N": 200,
      "n_hub_leaf_edges": 134,
      "geometry": "HYPERBOLIC",
      "lly_kappa_mean": -0.7019594624250471,
      "k_second_moment": 33.161,
      "E": 396,
      "k_excess": 29.201,
      "eta_prime": 0.165805,
      "m": 2,
      "kappa_leaf_leaf": -0.2475209149316292,
      "kappa_median": -0.31818181818181834,
      "per_seed_lly_means": [
        -0.706742885018286,
        -0.7100662136992935,
        -0.698167419000752,
        -0.7033233534099607,
        -0.6979141881571346,
        -0.7063698830280066,
        -0.7004660071393579,
        -0.7100559024622068,
        -0.6894670144670141,
        -0.6970217578684602
      ]
    },
    {
      "eta_double_prime": 0.29368,
      "kappa_std_edges": 0.12916053272888614,
      "kappa_min": -0.5826558265582664,
      "kappa_hub_leaf": -0.332382355259941,
      "n_leaf_leaf_edges": 426,
      "k_min": 3.0,
      "kappa_std_ensemble": 0.010948858586983927,
      "k_mean": 5.909999999999999,
      "eta": 0.17464049999999998,
      "lly_kappa_std_ensemble": 0.005610255921253407,
      "clustering": 0.048731974142217804,
      "per_seed_kappa_means": [
        -0.2559545485166263,
        -0.25704809412953816,
        -0.2758457944566457,
        -0.2537711188038957,
        -0.2822357739502923,
        -0.27035316302863777,
        -0.2792381764798628,
        -0.281016687636155,
        -0.2772440391946193,
        -0.2733025266806759
      ],
      "kappa_hub_hub": -0.19546533390553858,
      "k_max": 43.6,
      "k_std": 5.454920990433798,
      "n_seeds": 10,
      "kappa_mean": -0.2706009922876949,
      "n_hub_hub_edges": 6,
      "kappa_max": 0.16666666666666663,
      "N": 200,
      "n_hub_leaf_edges": 159,
      "geometry": "HYPERBOLIC",
      "lly_kappa_mean": -0.7482641108736116,
      "k_second_moment": 64.64599999999999,
      "E": 591,
      "k_excess": 58.736000000000004,
      "eta_prime": 0.3232299999999999,
      "m": 3,
      "kappa_leaf_leaf": -0.2523479032359521,
      "kappa_median": -0.2857142857142856,
      "per_seed_lly_means": [
        -0.7562300522470338,
        -0.7489710133161497,
        -0.740608805821648,
        -0.7453456873928032,
        -0.7443332242090712,
        -0.7465003105473934,
        -0.7561549860583545,
        -0.7453615082700491,
        -0.7441113403441654,
        -0.755024180529447
      ]
    },
    {
      "eta_double_prime": 0.4902849999999999,
      "kappa_std_edges": 0.09818042221182617,
      "kappa_min": -0.46923076923076934,
      "kappa_hub_leaf": -0.23159230006666953,
      "n_leaf_leaf_edges": 468,
      "k_min": 3.9,
      "kappa_std_ensemble": 0.006392648013301588,
      "k_mean": 7.840000000000002,
      "eta": 0.3073280000000001,
      "lly_kappa_std_ensemble": 0.009535189422221847,
      "clustering": 0.08643799472295514,
      "per_seed_kappa_means": [
        -0.21049373463554072,
        -0.20276742583297755,
        -0.21449998284905586,
        -0.21597437007411205,
        -0.21029437267667414,
        -0.2089074131931357,
        -0.22003693839043653,
        -0.19913957636692622,
        -0.21630551934414477,
        -0.20805954443342878
      ],
      "kappa_hub_hub": -0.11777250349004875,
      "k_max": 46.2,
      "k_std": 6.671415347739642,
      "n_seeds": 10,
      "kappa_mean": -0.21064788777964322,
      "n_hub_hub_edges": 34,
      "kappa_max": 0.25,
      "N": 200,
      "n_hub_leaf_edges": 282,
      "geometry": "HYPERBOLIC",
      "lly_kappa_mean": -0.7601565818804097,
      "k_second_moment": 105.897,
      "E": 784,
      "k_excess": 98.05699999999999,
      "eta_prime": 0.529485,
      "m": 4,
      "kappa_leaf_leaf": -0.20043886559475585,
      "kappa_median": -0.213099128540305,
      "per_seed_lly_means": [
        -0.7511800596823442,
        -0.7642816851618769,
        -0.7574682405710234,
        -0.7630774097256113,
        -0.7686346083545652,
        -0.7439465030043061,
        -0.7660075462507164,
        -0.7753487162330728,
        -0.7616187497257418,
        -0.7500023000948376
      ]
    },
    {
      "eta_double_prime": 0.73612,
      "kappa_std_edges": 0.08217338039574014,
      "kappa_min": -0.375,
      "kappa_hub_leaf": -0.1640199911260111,
      "n_leaf_leaf_edges": 610,
      "k_min": 4.7,
      "kappa_std_ensemble": 0.00637258628048965,
      "k_mean": 9.75,
      "eta": 0.4753125,
      "lly_kappa_std_ensemble": 0.0032132160281260476,
      "clustering": 0.09578947368421052,
      "per_seed_kappa_means": [
        -0.1473819940919249,
        -0.15036553068910696,
        -0.15868954666104432,
        -0.14791856977317927,
        -0.14661181125905395,
        -0.1562812084048676,
        -0.16547754625934177,
        -0.15678484443737503,
        -0.15936783124765433,
        -0.1593014300408786
      ],
      "kappa_hub_hub": -0.047256115628762835,
      "k_max": 54.1,
      "k_std": 7.87640165833861,
      "n_seeds": 10,
      "kappa_mean": -0.15481803128644267,
      "n_hub_hub_edges": 33,
      "kappa_max": 0.15000000000000002,
      "N": 200,
      "n_hub_leaf_edges": 332,
      "geometry": "HYPERBOLIC",
      "lly_kappa_mean": -0.7611650398613924,
      "k_second_moment": 156.974,
      "E": 975,
      "k_excess": 147.224,
      "eta_prime": 0.78487,
      "m": 5,
      "kappa_leaf_leaf": -0.16279476298405218,
      "kappa_median": -0.16666666666666674,
      "per_seed_lly_means": [
        -0.7665398912010284,
        -0.7575258226947923,
        -0.7622588792096872,
        -0.7576134463657731,
        -0.7590398532433579,
        -0.7652969937641528,
        -0.7609049233393613,
        -0.7613189591636906,
        -0.7578735564528388,
        -0.7632780731792417
      ]
    },
    {
      "eta_double_prime": 1.00084,
      "kappa_std_edges": 0.07224518664096087,
      "kappa_min": -0.32444444444444476,
      "kappa_hub_leaf": -0.1258511175836868,
      "n_leaf_leaf_edges": 783,
      "k_min": 5.0,
      "kappa_std_ensemble": 0.005265533797077971,
      "k_mean": 11.64,
      "eta": 0.6774480000000002,
      "lly_kappa_std_ensemble": 0.006940752856684579,
      "clustering": 0.10903244665302543,
      "per_seed_kappa_means": [
        -0.12125982297191167,
        -0.11611259431203709,
        -0.11170350731922762,
        -0.1101106130988865,
        -0.11705837660896429,
        -0.11626514180348414,
        -0.12264494194889632,
        -0.11043289338021692,
        -0.12489827269476753,
        -0.11226518821169798
      ],
      "kappa_hub_hub": 0.01777953224964137,
      "k_max": 60.5,
      "k_std": 8.748144893861873,
      "n_seeds": 10,