{
  "all_positive": true,
  "k_values": [
    4,
    6,
    8
  ],
  "experiment": "multi_k_ws_analysis",
  "results": {
    "k4": {
      "slope": 0.38907993462707774,
      "intercept": 0.2389891308867615,
      "r2": 0.993218574791433,
      "k": 4,
      "N": 200,
      "se_slope": 0.011366634949348914,
      "ci_95_lo": 0.36286847443387915,
      "ci_95_hi": 0.4152913948202763
    },
    "k6": {
      "slope": 0.42199733495471653,
      "intercept": 0.16090452240520517,
      "r2": 0.9988725666310654,
      "k": 6,
      "N": 200,
      "se_slope": 0.005012508409273684,
      "ci_95_lo": 0.4104384905629314,
      "ci_95_hi": 0.43355617934650165
    },
    "k8": {
      "slope": 0.4410645078592666,
      "intercept": 0.12067800791606217,
      "r2": 0.9994369088719427,
      "k": 8,
      "N": 200,
      "se_slope": 0.0037014234223570345,
      "ci_95_lo": 0.43252902544731126,
      "ci_95_hi": 0.44959999027122194
    }
  },
  "slope_mean": 0.4173805924803536,
  "description": "Universality of ∂κ̄/∂C > 0 across k ∈ {4,6,8}",
  "slope_std": 0.026297997962566304,
  "eta_target": 0.08
}
