{
  "n_threads": 24,
  "method": "exact_LP",
  "N_fixed": 100,
  "n_seeds": 10,
  "alpha": 0.5,
  "seeds": [
    42,
    137,
    271,
    314,
    577,
    691,
    823,
    967,
    1049,
    1153
  ],
  "experiment": "phase_transition_exact_n100_v2",
  "solver": "HiGHS",
  "results": [
    {
      "lly_kappa_std_edges": 0.0,
      "n_seeds": 10,
      "kappa_std_edges": 0.0,
      "kappa_min": 0.0,
      "ratio": 0.04,
      "k_actual": 2.0,
      "kappa_mean": 0.0,
      "E": 100,
      "lly_kappa_std_ensemble": 0.0,
      "kappa_max": 0.0,
      "N": 100,
      "kappa_median": 0.0,
      "per_seed_kappa_means": [
        0.0,
        0.0,
        0.0,
        0.0,
        0.0,
        0.0,
        0.0,
        0.0,
        0.0,
        0.0
      ],
      "geometry": "EUCLIDEAN/TRANSITION",
      "k_target": 2,
      "per_seed_lly_means": [
        0.0,
        0.0,
        0.0,
        0.0,
        0.0,
        0.0,
        0.0,
        0.0,
        0.0,
        0.0
      ],
      "kappa_std_ensemble": 0.0,
      "lly_kappa_mean": 0.0
    },
    {
      "lly_kappa_std_edges": 0.13472543852944627,
      "n_seeds": 10,
      "kappa_std_edges": 0.16704675077867526,
      "kappa_min": -0.3333333333333335,
      "ratio": 0.09,
      "k_actual": 2.94,
      "kappa_mean": -0.27676045018945505,
      "E": 147,
      "lly_kappa_std_ensemble": 0.014412287989132383,
      "kappa_max": 0.3333333333333335,
      "N": 100,
      "kappa_median": -0.33333333333333326,
      "per_seed_kappa_means": [
        -0.25233100233100253,
        -0.2736486486486486,
        -0.2653061224489796,
        -0.2988888888888889,
        -0.3111111111111111,
        -0.28076062639821026,
        -0.2888888888888889,
        -0.2829977628635347,
        -0.259703196347032,
        -0.253968253968254
      ],
      "geometry": "HYPERBOLIC",
      "k_target": 3,
      "per_seed_lly_means": [
        -0.29137529137529156,
        -0.31756756756756754,
        -0.2925170068027211,
        -0.3066666666666667,
        -0.3333333333333334,
        -0.3199105145413871,
        -0.32000000000000006,
        -0.331096196868009,
        -0.3127853881278539,
        -0.3038548752834467
      ],
      "kappa_std_ensemble": 0.019492896660993294,
      "lly_kappa_mean": -0.3129106840566277
    },
    {
      "lly_kappa_std_edges": 0.13292722168633084,
      "n_seeds": 10,
      "kappa_std_edges": 0.15355279039890005,
      "kappa_min": -0.5,
      "ratio": 0.16,
      "k_actual": 3.96,
      "kappa_mean": -0.36339481070553487,
      "E": 198,
      "lly_kappa_std_ensemble": 0.015779278744986386,
      "kappa_max": 0.125,
      "N": 100,
      "kappa_median": -0.375,
      "per_seed_kappa_means": [
        -0.34427609427609424,
        -0.37268518518518523,
        -0.3434343434343434,
        -0.3706030150753769,
        -0.37058080808080807,
        -0.3322649572649572,
        -0.35586734693877553,
        -0.39276649746192893,
        -0.3743654822335025,
        -0.3771043771043771
      ],
      "geometry": "HYPERBOLIC",
      "k_target": 4,
      "per_seed_lly_means": [
        -0.49831649831649827,
        -0.468013468013468,
        -0.4385521885521886,
        -0.4765494137353434,
        -0.4621212121212121,
        -0.4564102564102564,
        -0.45153061224489793,
        -0.4678510998307953,
        -0.467005076142132,
        -0.46127946127946134
      ],
      "kappa_std_ensemble": 0.018710032102849498,
      "lly_kappa_mean": -0.46476292866462526
    },
    {
      "lly_kappa_std_edges": 0.11722365756764554,
      "n_seeds": 10,
      "kappa_std_edges": 0.11370555196802636,
      "kappa_min": -0.5833333333333335,
      "ratio": 0.36,
      "k_actual": 5.82,
      "kappa_mean": -0.3015346924903663,
      "E": 291,
      "lly_kappa_std_ensemble": 0.01839945379373567,
      "kappa_max": 0.08333333333333337,
      "N": 100,
      "kappa_median": -0.33333333333333326,
      "per_seed_kappa_means": [
        -0.3026077097505669,
        -0.28347554038680317,
        -0.3056122448979592,
        -0.3152011494252874,
        -0.30756278538812787,
        -0.2872279495990836,
        -0.2977815699658703,
        -0.3045091324200913,
        -0.295504009163803,
        -0.31586483390607095
      ],
      "geometry": "HYPERBOLIC",
      "k_target": 6,
      "per_seed_lly_means": [
        -0.6043083900226756,
        -0.5660978384527872,
        -0.6179138321995463,
        -0.609655172413793,
        -0.5921232876712328,
        -0.5743413516609392,
        -0.5854379977246872,
        -0.5780821917808219,
        -0.6027491408934708,
        -0.617640320733104
      ],
      "kappa_std_ensemble": 0.010730843042532181,
      "lly_kappa_mean": -0.5948349523553057
    },
    {
      "lly_kappa_std_edges": 0.14063932713187996,
      "n_seeds": 10,
      "kappa_std_edges": 0.0925866013730663,
      "kappa_min": -0.4821428571428572,
      "ratio": 0.64,
      "k_actual": 7.64,
      "kappa_mean": -0.18992057389203368,
      "E": 382,
      "lly_kappa_std_ensemble": 0.011957554136720465,
      "kappa_max": 0.125,
      "N": 100,
      "kappa_median": -0.2008928571428571,
      "per_seed_kappa_means": [
        -0.1783954584404456,
        -0.203529466616934,
        -0.19526636512124634,
        -0.17832660056310443,
        -0.18766318537859003,
        -0.19731831214161058,
        -0.1897994339854805,
        -0.19227589208006962,
        -0.17845725246620386,
        -0.19817377212665166
      ],
      "geometry": "HYPERBOLIC",
      "k_target": 8,
      "per_seed_lly_means": [
        -0.6252295262578039,
        -0.6565336317294542,
        -0.6629601708757381,
        -0.6504774146162321,
        -0.6485453189108542,
        -0.6403951633009225,
        -0.6576227390180879,
        -0.6457478552778814,
        -0.6331750091340884,
        -0.6575043630017452
      ],
      "kappa_std_ensemble": 0.009103939933128174,
      "lly_kappa_mean": -0.6478191192122809
    },
    {
      "lly_kappa_std_edges": 0.1535669687806107,
      "n_seeds": 10,
      "kappa_std_edges": 0.07848186031788203,
      "kappa_min": -0.3333333333333335,
      "ratio": 1.0,
      "k_actual": 9.54,
      "kappa_mean": -0.11362303853869535,
      "E": 477,
      "lly_kappa_std_ensemble": 0.008312250509047459,
      "kappa_max": 0.11111111111111127,
      "N": 100,
      "kappa_median": -0.10000000000000031,
      "per_seed_kappa_means": [
        -0.12249016415683085,
        -0.10280947441217157,
        -0.11890188980660077,
        -0.11183416875522142,
        -0.1039562914562915,
        -0.11687991792158461,
        -0.11410144421150717,
        -0.11882986951842887,
        -0.1149558330795005,
        -0.11147133206881642
      ],
      "geometry": "HYPERBOLIC",
      "k_target": 10,
      "per_seed_lly_means": [
        -0.6525166191832861,
        -0.6512448132780085,
        -0.6651745351959487,
        -0.649637426900585,
        -0.6589281589281591,
        -0.6686847103513773,
        -0.653657116235733,
        -0.6686087570621472,
        -0.6554963278843879,
        -0.6720591660843236
      ],
      "kappa_std_ensemble": 0.006363304670677478,
      "lly_kappa_mean": -0.6596007631103957
    },
    {
      "lly_kappa_std_edges": 0.14795489546924545,
      "n_seeds": 10,
      "kappa_std_edges": 0.06753859033776317,
      "kappa_min": -0.2916666666666663,
      "ratio": 1.44,
      "k_actual": 11.32,
      "kappa_mean": -0.05960922177746949,
      "E": 566,
      "lly_kappa_std_ensemble": 0.00727853513894417,
      "kappa_max": 0.13636363636363624,
      "N": 100,
      "kappa_median": -0.045454545454545414,
      "per_seed_kappa_means": [
        -0.06149659135524852,
        -0.05653727540895676,
        -0.0593555233182892,
        -0.0639235492176668,
        -0.0639676623633842,
        -0.06146911873656054,
        -0.05848019199083021,
        -0.0646287833451208,
        -0.05220070267896349,
        -0.05403281935967442
      ],
      "geometry": "HYPERBOLIC",
      "k_target": 12,