{
  "class_means": {
    "Hyperbolic": {
      "delta_kappa_std": 0.08025005799727915,
      "delta_kappa_mean": -0.10709716666666669,
      "n": 6
    },
    "Spherical": {
      "delta_kappa_std": 0.0,
      "delta_kappa_mean": -0.010985999999999996,
      "n": 1
    },
    "Euclidean": {
      "delta_kappa_std": 0.04717871041405577,
      "delta_kappa_mean": -0.22604866666666668,
      "n": 3
    }
  },
  "networks": [
    {
      "label": "SWOW Spanish",
      "kappa_std_initial": 0.319192,
      "delta_w_gini": 0.565046,
      "kappa_std_final": 0.02678,
      "delta_kappa_std": -0.29241199999999995,
      "geometry": "Hyperbolic",
      "delta_kappa": -0.21174600000000002,
      "kappa_initial": -0.068545,
      "divergence_rate": -0.0042349200000000005,
      "eta": 0.017,
      "network_id": "swow_es",
      "kappa_final": -0.280291,
      "dist_to_boundary": -3.733,
      "w_gini_initial": 0.0,
      "w_gini_final": 0.565046,
      "n_steps": 50
    },
    {
      "label": "SWOW English",
      "kappa_std_initial": 0.312262,
      "delta_w_gini": 0.434135,
      "kappa_std_final": 0.010904,
      "delta_kappa_std": -0.30135799999999996,
      "geometry": "Hyperbolic",
      "delta_kappa": -0.16606300000000002,
      "kappa_initial": -0.137299,
      "divergence_rate": -0.0033212600000000004,
      "eta": 0.02,
      "network_id": "swow_en",
      "kappa_final": -0.303362,
      "dist_to_boundary": -3.73,
      "w_gini_initial": 0.0,
      "w_gini_final": 0.434135,
      "n_steps": 50
    },
    {
      "label": "SWOW Chinese",
      "kappa_std_initial": 0.297574,
      "delta_w_gini": 0.402874,
      "kappa_std_final": 0.005415,
      "delta_kappa_std": -0.292159,
      "geometry": "Hyperbolic",
      "delta_kappa": -0.14713500000000002,
      "kappa_initial": -0.144272,
      "divergence_rate": -0.0029427000000000004,
      "eta": 0.023,
      "network_id": "swow_zh",
      "kappa_final": -0.291407,
      "dist_to_boundary": -3.727,
      "w_gini_initial": 0.0,
      "w_gini_final": 0.402874,
      "n_steps": 50
    },
    {
      "label": "SWOW Dutch",
      "kappa_std_initial": 0.044703,
      "delta_w_gini": 0.071032,
      "kappa_std_final": 1.4e-5,
      "delta_kappa_std": -0.044689,
      "geometry": "Spherical",
      "delta_kappa": -0.010985999999999996,
      "kappa_initial": 0.086882,
      "divergence_rate": -0.0002197199999999999,
      "eta": 7.558,
      "network_id": "swow_nl",
      "kappa_final": 0.075896,
      "dist_to_boundary": 3.808,
      "w_gini_initial": 0.0,
      "w_gini_final": 0.071032,
      "n_steps": 50
    },
    {
      "label": "ConceptNet EN",
      "kappa_std_initial": 0.13006,
      "delta_w_gini": 0.114795,
      "kappa_std_final": 1.0e-5,
      "delta_kappa_std": -0.13005,
      "geometry": "Hyperbolic",
      "delta_kappa": -0.0037920000000000176,
      "kappa_initial": -0.236921,
      "divergence_rate": -7.584000000000036e-5,
      "eta": 0.223,
      "network_id": "conceptnet_en",
      "kappa_final": -0.240713,
      "dist_to_boundary": -3.527,
      "w_gini_initial": 0.0,
      "w_gini_final": 0.114795,
      "n_steps": 50
    },
    {
      "label": "ConceptNet PT",
      "kappa_std_initial": 0.206305,
      "delta_w_gini": 0.200952,
      "kappa_std_final": 0.000463,
      "delta_kappa_std": -0.205842,
      "geometry": "Hyperbolic",
      "delta_kappa": -0.041721000000000036,
      "kappa_initial": -0.237335,
      "divergence_rate": -0.0008344200000000008,
      "eta": 0.085,
      "network_id": "conceptnet_pt",
      "kappa_final": -0.279056,
      "dist_to_boundary": -3.665,
      "w_gini_initial": 0.0,
      "w_gini_final": 0.200952,
      "n_steps": 50
    },
    {
      "label": "WordNet EN",
      "kappa_std_initial": 0.28424,
      "delta_w_gini": 0.568389,
      "kappa_std_final": 0.006896,
      "delta_kappa_std": -0.277344,
      "geometry": "Euclidean",
      "delta_kappa": -0.277519,
      "kappa_initial": -0.00159,
      "divergence_rate": -0.005550380000000001,
      "eta": 0.009,
      "network_id": "wordnet_en",
      "kappa_final": -0.279109,
      "dist_to_boundary": -3.741,
      "w_gini_initial": 0.0,
      "w_gini_final": 0.568389,
      "n_steps": 50
    },
    {
      "label": "BabelNet AR",
      "kappa_std_initial": 0.23595,
      "delta_w_gini": 0.513824,
      "kappa_std_final": 0.01209,
      "delta_kappa_std": -0.22386,
      "geometry": "Euclidean",
      "delta_kappa": -0.184856,
      "kappa_initial": -0.012362,
      "divergence_rate": -0.00369712,
      "eta": 0.032,
      "network_id": "babelnet_ar",
      "kappa_final": -0.197218,
      "dist_to_boundary": -3.718,
      "w_gini_initial": 0.0,
      "w_gini_final": 0.513824,
      "n_steps": 50
    },
    {
      "label": "BabelNet RU",
      "kappa_std_initial": 0.259753,
      "delta_w_gini": 0.555994,
      "kappa_std_final": 0.022963,
      "delta_kappa_std": -0.23679,
      "geometry": "Euclidean",
      "delta_kappa": -0.21577100000000002,
      "kappa_initial": -0.029936,
      "divergence_rate": -0.00431542,
      "eta": 0.009,
      "network_id": "babelnet_ru",
      "kappa_final": -0.245707,
      "dist_to_boundary": -3.741,
      "w_gini_initial": 0.0,
      "w_gini_final": 0.555994,
      "n_steps": 50
    },
    {
      "label": "Depression min",
      "kappa_std_initial": 0.209119,
      "delta_w_gini": 0.206211,
      "kappa_std_final": 0.013868,
      "delta_kappa_std": -0.195251,
      "geometry": "Hyperbolic",
      "delta_kappa": -0.072126,
      "kappa_initial": -0.135087,
      "divergence_rate": -0.0024042,
      "eta": 0.118,
      "network_id": "depression_min",
      "kappa_final": -0.207213,
      "dist_to_boundary": -3.632,
      "w_gini_initial": 0.0,
      "w_gini_final": 0.206211,
      "n_steps": 30
    }
  ],
  "H1_all_hyp_negative": true,
  "experiment": "ricci_flow_analysis",
  "eta_c_inf": 3.75,
  "dt": 0.5,
  "H1_all_sph_positive": false,
  "description": "Discrete Ricci flow convergence fingerprinting: geometry class divergence signatures",
  "n_steps": 50
}
