{
  "unknown_clustering": {
    "mean": 0.09166666666666667,
    "std": 0.03600925806881706,
    "n": 6,
    "values": [
      0.14,
      0.08,
      0.04,
      0.1,
      0.07,
      0.12
    ]
  }
}