,mean,std,ci_95,in_sweet_spot_pct,n_iterations
minimum,0.07219191254088587,0.017151123725375354,"[0.03756512820272731, 0.09819518298542812]",100.0,100
mild,0.021844285752384885,0.003008970681005003,"[0.017452516961646878, 0.028154244253499727]",71.0,100
moderate,0.035506177152622075,0.008005289055763884,"[0.01821957511856021, 0.04999100655466425]",93.0,100
severe,0.019263958500744086,0.004571954579294321,"[0.0055351837793294, 0.0257179021989224]",50.0,100
