severity,n_nodes,n_edges,clustering,n_components,median_component_size,fragmentation,density,in_sweet_spot
minimum,1634,11354,0.054907065694131924,5,3.0,0.00303951367781155,0.008510217282621812,True
mild,3089,39840,0.025751894106091612,1,3089.0,0.0003237293622531564,0.008353223958656574,True
moderate,2238,24109,0.03354870427595189,2,1120.0,0.0008928571428571428,0.009631260429138188,True
severe,2685,32168,0.024732621248334155,1,2685.0,0.00037243947858472997,0.008927446458355883,True
