{
  "minimum": {
    "mean": -0.12733282093925613,
    "std": 0.2381944033984346,
    "min": -0.6762079163819925,
    "max": 0.9762870634112166
  },
  "mild": {
    "mean": -0.07113791278759186,
    "std": 0.20583823864743414,
    "min": -0.598963650024807,
    "max": 0.9419916237899635
  },
  "moderate": {
    "mean": -0.06502649040351638,
    "std": 0.22200800927969713,
    "min": -0.6162353113351597,
    "max": 0.9241490055578838
  },
  "severe": {
    "mean": -0.07400236024135913,
    "std": 0.20740219442421856,
    "min": -0.5858370759991645,
    "max": 0.9436557254839985
  }
}