{
  "clustering": {
    "spearman_rho": -0.7999999999999999,
    "spearman_p": 0.20000000000000007,
    "pearson_r": -0.7621646288517472,
    "pearson_p": 0.23783537114825282
  },
  "curvature": {
    "spearman_rho": 0.39999999999999997,
    "spearman_p": 0.6,
    "pearson_r": 0.7424555698897084,
    "pearson_p": 0.2575444301102916
  },
  "H_spectral": {
    "spearman_rho": 0.39999999999999997,
    "spearman_p": 0.6,
    "pearson_r": 0.5557827337910138,
    "pearson_p": 0.44421726620898605
  },
  "fragmentation": {
    "spearman_rho": -0.39999999999999997,
    "spearman_p": 0.6,
    "pearson_r": -0.7489607927233124,
    "pearson_p": 0.2510392072766876
  },
  "KEC_spectral": {
    "spearman_rho": 0.39999999999999997,
    "spearman_p": 0.6,
    "pearson_r": 0.711289694286995,
    "pearson_p": 0.28871030571300516
  },
  "KEC_frag": {
    "spearman_rho": -0.19999999999999998,
    "spearman_p": 0.8,
    "pearson_r": -0.595376379436961,
    "pearson_p": 0.40462362056303913
  }
}