{
  "spanish": {
    "entropy": 3.6822316036371947,
    "curvature": 0.0,
    "coherence": 5407.711090573014,
    "kec": -1801.3429529897924
  },
  "english": {
    "entropy": 3.9306705865983695,
    "curvature": 0.0,
    "coherence": 5542.120859577621,
    "kec": -1846.0633963303408
  },
  "chinese": {
    "entropy": 3.4868411923830926,
    "curvature": 0.0,
    "coherence": 5119.1067918277195,
    "kec": -1705.2066502117787
  }
}