Comparison,Cohens_d,CI_lower,CI_upper,p_value,Interpretation
FEP vs. Healthy,2.020162073647431,0.34929769098843844,3.6910264563064232,0.023809523809523808,LARGE
Depression vs. Healthy,0.5839232470564572,-0.9439820190162874,2.111828513129202,1.0,Medium
Pooled,1.2379823597695818,0.11043090327704363,2.3655338162621202,,Pooled
