{
  "effect_sizes": {
    "FEP": {
      "cohens_d": 2.020162073647431,
      "hedges_g": 1.7956996210199385,
      "ci_95": [
        0.34929769098843844,
        3.6910264563064232
      ],
      "interpretation": "LARGE",
      "p_value": 0.023809523809523808
    },
    "Depression": {
      "cohens_d": 0.5839232470564572,
      "hedges_g": 0.4917248396264902,
      "ci_95": [
        -0.9439820190162874,
        2.111828513129202
      ],
      "interpretation": "Medium",
      "p_value": 1.0
    }
  },
  "meta_analysis": {
    "pooled_cohens_d": 1.2379823597695818,
    "pooled_ci_95": [
      0.11043090327704363,
      2.3655338162621202
    ],
    "pooled_se": 0.5752813553533358,
    "Q_statistic": 1.5458343415928337,
    "Q_p_value": 0.2137514600000181,
    "I2_statistic": 35.310015239433994,
    "heterogeneity": "LOW",
    "n_studies": 2
  },
  "descriptive_statistics": {
    "Healthy": {
      "mean": 0.0291963629025685,
      "std": 0.002007555078861454,
      "se": 0.001159062465193661,
      "n": 3
    },
    "FEP": {
      "mean": 0.09000000000000001,
      "std": 0.035590260840104374,
      "se": 0.01452966314513558,
      "n": 6
    },
    "Depression": {
      "mean": 0.034735071331127354,
      "std": 0.012135313181845216,
      "se": 0.006067656590922608,
      "n": 4
    }
  }
}