Method,Nodes,Edges,Clustering,In_Sweet_Spot
Co-occurrence,2238,24109,0.03354870427595189,True
PMI,2238,21992,0.31167295011840895,False
TF-IDF,1000,40529,0.14504390651399915,True
