severity,C_patient,C_healthy,difference,percent_diff,cohens_d,z_score,effect_size,direction
minimum,0.0549070656941319,0.02919636290256854,0.025710702791563362,88.06132077945048,6.748439411134349,12.80697255197828,Large,↑ HIGHER (preserved/elevated)
mild,0.0257518941060916,0.02919636290256854,-0.003444468796476939,-11.797595501780508,-0.904089987932767,-1.7157530733504884,Large,↓ LOWER (disrupted)
moderate,0.0335487042759518,0.02919636290256854,0.004352341373383261,14.907135480907332,1.1423846439735628,2.1679810527796755,Large,↑ HIGHER (preserved/elevated)
severe,0.0247326212483341,0.02919636290256854,-0.004463741654234441,-15.288690817861236,-1.1716245310276898,-2.223471575567403,Large,↓ LOWER (disrupted)
