{
  "timestamp": "2025-11-05T19:30:15.062176",
  "formula": "\u03ba = -0.409 + 0.977\u00b7C + 0.011\u00b7\u27e8k\u27e9 + 0.015\u00b7\u03c3_k",
  "coefficients": {
    "intercept": -0.40897590403213413,
    "C": 0.9765964475678434,
    "mean_degree": 0.011145368324187164,
    "degree_std": 0.015122138571080128
  },
  "performance": {
    "R2": 0.982885999964372,
    "RMSE": 0.011783368951391192,
    "cross_val_R2_mean": -22.876689795614798,
    "cross_val_R2_std": 16.058435483833815
  },
  "p_values": {
    "intercept": 0.0020160576412364684,
    "C": 1.3521877204158983e-05,
    "mean_degree": 0.3731208104435835,
    "degree_std": 0.04574224363313162
  }
}