{
  "sweet_spot_range": [
    0.02,
    0.15
  ],
  "groups": {
    "unknown": {
      "n": 6,
      "mean": 0.09166666666666667,
      "std": 0.032871804872193364,
      "min": 0.04,
      "max": 0.14,
      "in_sweet_spot": true,
      "values": [
        0.14,
        0.08,
        0.04,
        0.1,
        0.07,
        0.12
      ]
    }
  }
}