{
  "method": "exact_LP",
  "mean_path_length": 8.5571,
  "kappa_min": -0.809091,
  "lly_kappa_std": 0.030098,
  "language": "Russian",
  "kappa_mean": -0.029929,
  "diameter": 19,
  "elapsed_orc_seconds": 1.3,
  "degree_std": 2.7286,
  "min_degree": 1,
  "n_threads": 24,
  "kappa_max": 0.166667,
  "N": 493,
  "geometry": "EUCLIDEAN/TRANSITION",
  "frac_spherical": 0.7586,
  "solver": "HiGHS",
  "median_degree": 1.0,
  "lly_kappa_mean": -0.786474,
  "per_edge_curvatures": [
    0.090909,
    0.111111,
    0.111111,
    0.090909,
    0.090909,
    0.090909,
    0.090909,
    0.090909,
    0.090909,
    -0.409091,
    -0.388889,
    0.111111,
    0.1,
    0.111111,
    0.090909,
    0.090909,
    0.1,
    0.142857,
    0.111111,
    0.1,
    0.1,
    0.125,
    0.1,
    0.1,
    0.125,
    0.1,
    0.1,
    0.090909,
    -0.277778,
    -0.3,
    -0.444444,
    -0.733333,
    -0.533333,
    -0.333333,
    -0.5,
    -0.733333,
    0.090909,
    0.090909,
    0.111111,
    0.1,
    0.111111,
    0.111111,
    0.111111,
    0.1,
    0.166667,
    0.1,
    0.1,
    0.1,
    -0.4,
    -0.4,
    0.1,
    0.111111,
    0.090909,
    0.1,
    0.1,
    0.1,
    0.1,
    0.1,
    0.1,
    -0.4,
    -0.4,
    0.1,
    0.1,
    0.125,
    0.1,
    0.090909,
    0.142857,
    0.1,
    0.1,
    0.1,
    0.1,
    -0.4,
    -0.4,
    0.1,
    0.1,
    0.1,
    0.1,
    0.1,
    0.111111,
    0.1,
    -0.7,
    -0.377778,
    -0.377778,
    -0.7,
    -0.6,
    0.1,
    0.1,
    0.1,
    0.111111,
    0.111111,
    0.142857,
    0.1,
    0.1,
    0.125,
    0.111111,
    0.090909,
    0.142857,
    0.142857,
    0.090909,
    -0.166667,
    -0.166667,
    0.166667,
    0.090909,
    0.111111,
    0.111111,
    0.111111,
    0.090909,
    0.090909,
    0.090909,
    0.090909,
    0.090909,
    0.090909,
    0.090909,
    -0.809091,
    0.1,
    -0.4,
    0.1,
    0.1,
    -0.733333,
    0.1,
    0.1,
    0.1,
    0.1,
    0.1,
    0.090909,
    0.111111,
    0.1,
    0.1,
    0.1,
    0.1,
    0.1,
    -0.4,
    0.111111,
    0.090909,
    0.1,
    0.1,
    0.1,
    0.090909,
    0.1,
    -0.4,
    -0.4,
    0.111111,
    0.1,
    0.1,
    -0.4,
    -0.4,
    0.142857,
    0.1,
    0.1,
    -0.492063,
    -0.757143,
    -0.657143,
    -0.657143,
    -0.557143,
    -0.380952,
    -0.52381,
    0.1,
    0.1,
    0.1,
    0.1,
    -0.4,
    -0.388889,
    0.1,
    0.111111,
    -0.357143,
    0.142857,
    0.166667,
    0.111111,
    -0.4,
    0.1,
    0.1,
    0.1,
    0.125,
    0.111111,
    0.111111,
    0.111111,
    0.1,
    -0.357143,
    -0.4,
    -0.388889,
    -0.388889,
    0.1,
    0.1,
    0.1,
    0.1,
    0.1,
    0.1,
    -0.277778,
    -0.3,
    0.1,
    0.1,
    0.1,
    0.111111,
    0.125,
    0.1,
    0.1,
    0.111111,
    -0.388889,
    -0.4,
    0.1,
    0.1,
    0.1,
    0.1,
    0.1,
    0.111111,
    0.1,
    0.1,
    0.1,
    0.1,
    -0.566667,
    -0.555556,
    -0.566667,
    -0.55,
    -0.55,
    -0.45,
    -0.416667,
    0.142857,
    0.1,
    -0.4,
    -0.388889,
    -0.4,
    -0.4,
    0.111111,
    0.1,
    0.1,
    0.125,
    0.111111,
    -0.194444,
    -0.305556,
    -0.65,
    -0.416667,
    0.1,
    -0.566667,
    -0.555556,
    -0.541667,
    0.125,
    0.125,
    -0.466667,
    -0.516667,
    -0.416667,
    0.1,
    -0.757143,
    -0.349206,
    -0.412698,
    -0.746032,
    -0.732143,
    -0.52381,
    -0.657143,
    -0.757143,
    -0.690476,
    -0.690476,
    -0.714286,
    -0.746032,
    -0.657143,
    -0.607143,
    -0.055556,
    0.166667,
    0.1,
    -0.388889,
    -0.388889,
    -0.055556,
    0.166667,
    0.125,
    0.090909,
    0.1,
    0.1,
    0.1,
    0.1,
    -0.4,
    -0.4,
    0.090909,
    0.1,
    0.1,
    0.1,
    0.1,
    -0.055556,
    -0.055556,
    -0.79798,
    -0.466667,
    -0.111111,
    -0.266667,
    -0.3,
    -0.277778,
    0.1,
    -0.733333,
    0.1,
    0.1,
    0.1,
    -0.809091,
    0.1,
    0.1,
    0.1,
    0.111111,
    0.125,
    0.1,
    0.1,
    -0.5,
    -0.4,
    -0.65,
    0.1,
    0.1,
    0.1,
    0.1,
    0.111111,
    0.111111,
    0.111111,
    0.111111,
    0.111111,
    0.111111,
    0.111111,
    0.111111,
    -0.733333,
    -0.733333,
    -0.733333,
    -0.722222,
    0.1,
    0.1,
    0.111111,
    0.125,
    0.1,
    0.142857,
    0.1,
    0.1,
    0.125,
    0.1,
    0.1,
    0.111111,
    0.1,
    0.111111,
    0.1,
    0.1,
    0.1,
    0.1,
    0.1,
    0.1,
    0.1,
    0.1,
    0.1,
    0.1,
    -0.4,
    -0.6,
    -0.675,
    -0.7,
    0.1,
    0.1,
    0.1,
    0.1,
    0.1,
    0.1,
    0.1,
    0.1,
    0.1,
    0.1,
    0.1,
    0.1,
    0.1,
    0.1,
    0.1,
    0.1,
    0.1,
    0.111111,
    0.111111,
    0.111111,
    0.111111,
    -0.25,
    -0.3,
    0.1,
    0.1,
    0.111111,
    0.1,
    0.1,
    0.166667,
    0.125,
    0.1,
    0.1,
    0.1,
    0.1,
    0.1,
    0.1,
    0.1,
    -0.4,
    0.1,
    0.1,
    0.1,
    0.1,
    0.1,
    0.1,
    0.1,
    0.1,
    0.111111,
    0.111111,
    -0.055556,
    -0.1,
    -0.055556,
    -0.1,
    0.125,
    0.1,
    -0.388889,
    -0.4,
    0.125,
    0.111111,
    0.111111,
    0.111111,
    0.111111,
    0.142857,
    0.1,
    0.1,
    0.1,
    0.1,
    0.1,
    0.1,
    0.1,
    0.1,
    0.1,
    0.111111,
    0.111111,
    0.1,
    0.1,
    0.1,
    0.1,
    0.1,
    0.1,
    0.111111,
    0.1,
    -0.4,
    0.111111,
    0.111111,
    0.111111,
    0.111111,
    0.1,
    0.125,
    0.1,
    0.1,
    0.1,
    0.142857,
    0.111111,
    0.1,
    0.1,
    0.111111,
    0.1,
    0.125,
    0.1,
    0.1,
    0.1,
    0.1,
    0.125,
    0.111111,
    0.1,
    0.1,
    0.166667,
    0.111111,
    0.111111,
    0.111111,
    0.111111,
    0.125,
    0.1,
    0.1,
    0.125,
    0.125,
    0.1,
    0.111111,
    0.1,
    -0.388889,
    0.1,
    0.1,
    0.111111,
    0.1,
    0.1,
    0.125,
    0.111111,
    0.111111,
    -0.055556,
    0.125,
    0.1,
    0.1,
    0.1,
    0.1,
    0.1,
    0.1,
    0.1,
    0.1,
    0.1,
    0.1,
    0.1,
    0.1,
    0.111111,
    -0.738889,
    0.111111,
    0.111111,
    0.1,
    0.111111,
    0.111111,
    0.1,
    0.1,
    0.166667,
    0.166667,
    0.111111,
    0.1,
    0.1,
    0.1,
    0.1,
    0.1,
    0.1,
    0.111111,
    0.111111,
    0.125,
    0.1,
    0.111111,
    0.111111,
    0.111111,
    -0.1,
    0.125,
    0.125,
    0.1,
    0.1,
    0.1,
    0.1,
    0.1,
    0.1,
    0.1,
    0.1,
    0.1
  ],
  "alpha": 0.5,
  "experiment": "unified_semantic_orc",
  "elapsed_apsp_seconds": 0.0,
  "mean_degree": 2.1176,
  "eta": 0.009096,
  "E": 522,
  "category": "taxonomy",
  "clustering": 0.001242,
  "kappa_std": 0.259746,