{
  "method": "exact_LP",
  "mean_path_length": 6.4968,
  "kappa_min": -0.809091,
  "lly_kappa_std": 0.080423,
  "language": "Arabic",
  "kappa_mean": -0.012362,
  "diameter": 13,
  "elapsed_orc_seconds": 0.4,
  "degree_std": 2.6171,
  "min_degree": 1,
  "n_threads": 24,
  "kappa_max": 0.5,
  "N": 142,
  "geometry": "EUCLIDEAN/TRANSITION",
  "frac_spherical": 0.7417,
  "solver": "HiGHS",
  "median_degree": 1.0,
  "lly_kappa_mean": -0.769536,
  "per_edge_curvatures": [
    0.090909,
    0.090909,
    0.1,
    0.1,
    -0.277778,
    -0.25,
    -0.3,
    -0.3,
    -0.375,
    -0.388889,
    0.1,
    0.1,
    0.1,
    0.125,
    -0.375,
    -0.4,
    -0.3,
    -0.25,
    -0.577778,
    -0.675,
    -0.5,
    -0.425,
    -0.6,
    0.1,
    0.1,
    0.1,
    0.1,
    0.1,
    0.1,
    0.1,
    0.1,
    0.1,
    -0.4,
    0.1,
    0.1,
    0.111111,
    0.1,
    0.1,
    0.111111,
    0.090909,
    0.090909,
    0.090909,
    0.111111,
    0.090909,
    0.111111,
    0.111111,
    0.111111,
    0.111111,
    0.111111,
    0.125,
    0.125,
    0.1,
    -0.111111,
    -0.111111,
    -0.466667,
    -0.25,
    -0.25,
    0.125,
    0.1,
    -0.222222,
    -0.555556,
    -0.222222,
    0.111111,
    -0.111111,
    -0.111111,
    -0.466667,
    0.125,
    0.125,
    0.125,
    0.111111,
    0.1,
    0.125,
    0.090909,
    0.090909,
    0.090909,
    -0.409091,
    -0.809091,
    0.1,
    0.1,
    0.5,
    0.125,
    0.111111,
    0.111111,
    0.25,
    -0.222222,
    -0.222222,
    -0.416667,
    0.125,
    0.111111,
    0.1,
    0.111111,
    0.111111,
    0.111111,
    0.111111,
    0.111111,
    0.111111,
    0.125,
    -0.65,
    -0.625,
    -0.625,
    -0.638889,
    0.1,
    0.1,
    0.111111,
    0.111111,
    0.111111,
    0.125,
    0.125,
    0.125,
    0.125,
    -0.25,
    0.1,
    0.1,
    0.111111,
    0.1,
    0.1,
    0.1,
    0.1,
    0.111111,
    0.1,
    0.111111,
    0.1,
    0.1,
    0.111111,
    0.111111,
    0.111111,
    0.111111,
    0.111111,
    0.111111,
    0.111111,
    0.1,
    0.25,
    0.1,
    0.125,
    0.111111,
    0.111111,
    0.111111,
    0.111111,
    0.111111,
    0.111111,
    0.111111,
    0.111111,
    0.111111,
    0.1,
    -0.25,
    0.125,
    0.1,
    -0.25,
    0.125,
    0.125,
    0.125
  ],
  "alpha": 0.5,
  "experiment": "unified_semantic_orc",
  "elapsed_apsp_seconds": 0.0,
  "mean_degree": 2.1268,
  "eta": 0.031853,
  "E": 151,
  "category": "taxonomy",
  "clustering": 0.0,
  "kappa_std": 0.23595,
  "per_edge_lly": [
    -0.818182,
    -0.818182,
    -0.8,
    -0.8,
    -0.777778,
    -0.75,
    -0.8,
    -0.8,
    -0.75,
    -0.777778,
    -0.8,
    -0.8,
    -0.8,
    -0.75,
    -0.75,
    -0.8,
    -0.8,
    -0.75,
    -0.777778,
    -0.75,
    -0.8,
    -0.75,
    -0.8,
    -0.8,
    -0.8,
    -0.8,
    -0.8,
    -0.8,
    -0.8,
    -0.8,
    -0.8,
    -0.8,
    -0.8,
    -0.8,
    -0.8,
    -0.777778,
    -0.8,
    -0.8,
    -0.777778,
    -0.818182,
    -0.818182,
    -0.818182,
    -0.777778,
    -0.818182,
    -0.777778,
    -0.777778,
    -0.777778,
    -0.777778,
    -0.777778,
    -0.75,
    -0.75,
    -0.8,
    -0.777778,
    -0.777778,
    -0.8,
    -0.75,
    -0.75,
    -0.75,
    -0.8,
    -0.777778,
    -0.777778,
    -0.777778,
    -0.777778,
    -0.777778,
    -0.777778,
    -0.8,
    -0.75,
    -0.75,
    -0.75,
    -0.777778,
    -0.8,
    -0.75,
    -0.818182,
    -0.818182,
    -0.818182,
    -0.818182,
    -0.818182,
    -0.8,
    -0.8,
    0.0,
    -0.75,
    -0.777778,
    -0.777778,
    -0.5,
    -0.777778,
    -0.777778,
    -0.5,
    -0.75,
    -0.777778,
    -0.8,
    -0.777778,
    -0.777778,
    -0.777778,
    -0.777778,
    -0.777778,
    -0.777778,
    -0.75,
    -0.8,
    -0.75,
    -0.75,
    -0.777778,
    -0.8,
    -0.8,
    -0.777778,
    -0.777778,
    -0.777778,
    -0.75,
    -0.75,
    -0.75,
    -0.75,
    -0.75,
    -0.8,
    -0.8,
    -0.777778,
    -0.8,
    -0.8,
    -0.8,
    -0.8,
    -0.777778,
    -0.8,
    -0.777778,
    -0.8,
    -0.8,
    -0.777778,
    -0.777778,
    -0.777778,
    -0.777778,
    -0.777778,
    -0.777778,
    -0.777778,
    -0.8,
    -0.5,
    -0.8,
    -0.75,
    -0.777778,
    -0.777778,
    -0.777778,
    -0.777778,
    -0.777778,
    -0.777778,
    -0.777778,
    -0.777778,
    -0.777778,
    -0.8,
    -0.75,
    -0.75,
    -0.8,
    -0.5,
    -0.75,
    -0.75,
    -0.75
  ],
  "network_id": "babelnet_ar",
  "frac_hyperbolic": 0.2583,
  "kappa_median": 0.1,
  "filename": "babelnet_ar_edges.csv",
  "elapsed_total_seconds": 0.4,
  "graph_type": "undirected_unweighted",
  "max_degree": 11
}