{
  "null_models": {
    "swow_nl": {
      "network_id": "swow_nl",
      "k_original": 61.472,
      "null_kappa_std": 0.000385,
      "n_seeds": 10,
      "per_seed_kappas": [
        0.069197,
        0.069483,
        0.069394,
        0.069239,
        0.068653,
        0.068421,
        0.069063,
        0.069533,
        0.069561,
        0.06942
      ],
      "N": 500,
      "real_kappa_mean": 0.098695,
      "k_regular": 61,
      "delta_kappa": 0.029499,
      "null_kappa_mean": 0.069196
    },
    "wordnet_en_2k": {
      "network_id": "wordnet_en_2k",
      "k_original": 2.075,
      "null_kappa_std": 0.0,
      "n_seeds": 10,
      "per_seed_kappas": [
        0.0,
        0.0,
        0.0,
        0.0,
        0.0,
        0.0,
        0.0,
        0.0,
        0.0,
        0.0
      ],
      "N": 2000,
      "real_kappa_mean": -0.004524,
      "k_regular": 2,
      "delta_kappa": -0.004524,
      "null_kappa_mean": 0.0
    },
    "wordnet_en": {
      "network_id": "wordnet_en",
      "k_original": 2.108,
      "null_kappa_std": 0.0,
      "n_seeds": 10,
      "per_seed_kappas": [
        0.0,
        0.0,
        0.0,
        0.0,
        0.0,
        0.0,
        0.0,
        0.0,
        0.0,
        0.0
      ],
      "N": 500,
      "real_kappa_mean": -0.001532,
      "k_regular": 2,
      "delta_kappa": -0.001532,
      "null_kappa_mean": 0.0
    },
    "swow_en": {
      "network_id": "swow_en",
      "k_original": 2.9224,
      "null_kappa_std": 0.004751,
      "n_seeds": 10,
      "per_seed_kappas": [
        -0.323379,
        -0.321138,
        -0.318874,
        -0.310838,
        -0.31904,
        -0.316259,
        -0.318252,
        -0.312214,
        -0.326474,
        -0.320865
      ],
      "N": 438,
      "real_kappa_mean": -0.137147,
      "k_regular": 3,
      "delta_kappa": 0.181586,
      "null_kappa_mean": -0.318733
    },
    "swow_es": {
      "network_id": "swow_es",
      "k_original": 2.7062,
      "null_kappa_std": 0.005443,
      "n_seeds": 10,
      "per_seed_kappas": [
        -0.322999,
        -0.325171,
        -0.323328,
        -0.310811,
        -0.319048,
        -0.315608,
        -0.32035,
        -0.311675,
        -0.326213,
        -0.322751
      ],
      "N": 422,
      "real_kappa_mean": -0.068341,
      "k_regular": 3,
      "delta_kappa": 0.251454,
      "null_kappa_mean": -0.319795
    },
    "depression_minimum": {
      "network_id": "depression_minimum",
      "k_original": 13.8972,
      "null_kappa_std": 0.000754,
      "n_seeds": 10,
      "per_seed_kappas": [
        -0.517891,
        -0.517283,
        -0.518345,
        -0.518036,
        -0.517276,
        -0.517274,
        -0.519038,
        -0.517216,
        -0.517579,
        -0.519271
      ],
      "N": 1634,
      "real_kappa_mean": -0.130267,
      "k_regular": 14,
      "delta_kappa": 0.387654,
      "null_kappa_mean": -0.517921
    },
    "babelnet_ru": {
      "network_id": "babelnet_ru",
      "k_original": 2.1176,
      "null_kappa_std": 0.0,
      "n_seeds": 10,
      "per_seed_kappas": [
        0.0,
        0.0,
        0.0,
        0.0,
        0.0,
        0.0,
        0.0,
        0.0,
        0.0,
        0.0
      ],
      "N": 493,
      "real_kappa_mean": -0.029929,
      "k_regular": 2,
      "delta_kappa": -0.029929,
      "null_kappa_mean": 0.0
    },
    "babelnet_ar": {
      "network_id": "babelnet_ar",
      "k_original": 2.1268,
      "null_kappa_std": 0.0,
      "n_seeds": 10,
      "per_seed_kappas": [
        0.0,
        0.0,
        0.0,
        0.0,
        0.0,
        0.0,
        0.0,
        0.0,
        0.0,
        0.0
      ],
      "N": 142,
      "real_kappa_mean": -0.012362,
      "k_regular": 2,
      "delta_kappa": -0.012362,
      "null_kappa_mean": 0.0
    },
    "swow_zh": {
      "network_id": "swow_zh",
      "k_original": 3.2774,
      "null_kappa_std": 0.004424,
      "n_seeds": 10,
      "per_seed_kappas": [
        -0.466093,
        -0.471818,
        -0.469775,
        -0.461704,
        -0.462419,
        -0.46548,
        -0.47438,
        -0.465398,
        -0.461486,
        -0.469459
      ],
      "N": 465,
      "real_kappa_mean": -0.143997,
      "k_regular": 4,
      "delta_kappa": 0.322804,
      "null_kappa_mean": -0.466801
    },
    "conceptnet_en": {
      "network_id": "conceptnet_en",
      "k_original": 10.2056,
      "null_kappa_std": 0.003081,
      "n_seeds": 10,
      "per_seed_kappas": [
        -0.424858,
        -0.416626,
        -0.418202,
        -0.422388,
        -0.423682,
        -0.420815,
        -0.416527,
        -0.418018,
        -0.417507,
        -0.422273
      ],
      "N": 467,
      "real_kappa_mean": -0.23321,
      "k_regular": 10,
      "delta_kappa": 0.18688,
      "null_kappa_mean": -0.42009
    },
    "conceptnet_pt": {
      "network_id": "conceptnet_pt",
      "k_original": 6.454,
      "null_kappa_std": 0.005335,
      "n_seeds": 10,
      "per_seed_kappas": [
        -0.557923,
        -0.54968,
        -0.550172,
        -0.557507,
        -0.552063,
        -0.554015,
        -0.552376,
        -0.553896,
        -0.545411,
        -0.540375
      ],
      "N": 489,
      "real_kappa_mean": -0.236173,
      "k_regular": 6,
      "delta_kappa": 0.315169,
      "null_kappa_mean": -0.551342
    }
  },
  "experiment": "bridge_analysis",
  "phase_transition": {
    "eta_c_points": {
      "1000": 3.3213382364154023,
      "500": 3.092167795585172,
      "200": 2.7064686964782947,
      "50": 1.7291853933317674,
      "100": 2.216707604019512
    },
    "scaling_formula": "eta_c(N) = 3.75 - 14.62/sqrt(N)"
  },
  "two_parameter": {
    "rho_C_kappa": -0.1636,
    "per_network": [
      {
        "kappa": -0.012362,
        "id": "babelnet_ar",
        "eta": 0.031853,
        "clustering": 0.0,
        "category": "taxonomy"
      },
      {
        "kappa": -0.029929,
        "id": "babelnet_ru",
        "eta": 0.009096,
        "clustering": 0.001242,
        "category": "taxonomy"
      },
      {
        "kappa": -0.23321,
        "id": "conceptnet_en",
        "eta": 0.223027,
        "clustering": 0.108358,
        "category": "knowledge"
      },
      {
        "kappa": -0.236173,
        "id": "conceptnet_pt",
        "eta": 0.085182,
        "clustering": 0.105699,
        "category": "knowledge"
      },
      {
        "kappa": -0.130267,
        "id": "depression_minimum",
        "eta": 0.118196,
        "clustering": 0.158687,
        "category": "clinical"
      },
      {
        "kappa": -0.137147,
        "id": "swow_en",
        "eta": 0.019498,
        "clustering": 0.127724,
        "category": "association"
      },
      {
        "kappa": -0.068341,
        "id": "swow_es",
        "eta": 0.017354,
        "clustering": 0.13594,
        "category": "association"
      },
      {
        "kappa": 0.098695,
        "id": "swow_nl",
        "eta": 7.557614,
        "clustering": 0.238349,
        "category": "association"
      },
      {
        "kappa": -0.143997,
        "id": "swow_zh",
        "eta": 0.0231,
        "clustering": 0.172798,
        "category": "association"
      },
      {
        "kappa": -0.001532,
        "id": "wordnet_en",
        "eta": 0.008887,
        "clustering": 0.012712,
        "category": "taxonomy"
      },
      {
        "kappa": -0.004524,
        "id": "wordnet_en_2k",
        "eta": 0.002153,
        "clustering": 0.002139,
        "category": "taxonomy"
      }
    ],
    "rho_eta_C": 0.5182,
    "rho_eta_kappa": -0.3091
  },
  "description": "Connecting phase transition theory with semantic network curvature",
  "bridge": [
    {
      "language": "Arabic",
      "kappa_mean": -0.012362,
      "degree_std": 2.6171,
      "N": 142,
      "geometry": "EUCLIDEAN/TRANSITION",
      "eta_c_predicted": 2.5231,
      "predicted_hyperbolic": true,
      "actual_hyperbolic": false,
      "eta": 0.031853,
      "E": 151,
      "category": "taxonomy",