{
  "grid_N": [
    1000,
    1400
  ],
  "grid_k": [
    6.0,
    8.0,
    10.0
  ],
  "reps": 6,
  "nulls": 2,
  "alpha": 0.5,
  "seed": 42,
  "cells": [
    {
      "N_star": 1000,
      "k_star": 6.0,
      "groups": {
        "minimum": {
          "kappa_mean": -0.19206872378617026,
          "kappa_std": 0.007230783307075302,
          "kappa_se": 0.00295195492382813,
          "null_mean": -0.3441181918583649,
          "null_std": 0.009698592353599883,
          "z_vs_null": 15.677477981199772
        },
        "mild": {
          "kappa_mean": -0.17114046746209108,
          "kappa_std": 0.008296910646098438,
          "kappa_se": 0.0033871995874011126,
          "null_mean": -0.21377691287771064,
          "null_std": 0.0005430186072665287,
          "z_vs_null": 78.51746670384797
        },
        "moderate": {
          "kappa_mean": -0.1861579235183891,
          "kappa_std": 0.006617248733505273,
          "kappa_se": 0.002701480483027691,
          "null_mean": -0.24411232632982957,
          "null_std": 0.0005505133151578402,
          "z_vs_null": 105.27338979044328
        },
        "severe": {
          "kappa_mean": -0.17890571009889453,
          "kappa_std": 0.011663653081613098,
          "kappa_se": 0.004761666431132116,
          "null_mean": -0.2276356027935011,
          "null_std": 0.015799906847850497,
          "z_vs_null": 3.0841886071775186
        }
      },
      "rank": [
        "minimum",
        "moderate",
        "severe",
        "mild"
      ],
      "rank_matches_canonical": true,
      "ks": {
        "minimum|mild": {
          "stat": 0.2514737149769077,
          "p": 4.2035221028281673e-81
        },
        "minimum|moderate": {
          "stat": 0.09636642163615725,
          "p": 2.9213200631843804e-12
        },
        "minimum|severe": {
          "stat": 0.18805418090342152,
          "p": 1.7369239528584103e-45
        },
        "mild|moderate": {
          "stat": 0.1957161210221558,
          "p": 5.4002412469819986e-49
        },
        "mild|severe": {
          "stat": 0.07192490392919434,
          "p": 5.996342098619119e-07
        },
        "moderate|severe": {
          "stat": 0.12704584701614266,
          "p": 6.7483426970729914e-21
        }
      },
      "t_s": 40.0
    },
    {
      "N_star": 1000,
      "k_star": 8.0,
      "groups": {
        "minimum": {
          "kappa_mean": -0.1572526332155614,
          "kappa_std": 0.005373357907468063,
          "kappa_se": 0.002193664179774317,
          "null_mean": -0.3117230902413345,
          "null_std": 0.004639976346681566,
          "z_vs_null": 33.291216481361545
        },
        "mild": {
          "kappa_mean": -0.13397200102487486,
          "kappa_std": 0.005536666290831261,
          "kappa_se": 0.00226033454810076,
          "null_mean": -0.1830990375733758,
          "null_std": 0.007853566137563469,
          "z_vs_null": 6.255379491047666
        },
        "moderate": {
          "kappa_mean": -0.14873010699885766,
          "kappa_std": 0.00693470498480439,
          "kappa_se": 0.0028310814549176214,
          "null_mean": -0.20399465526260235,
          "null_std": 0.004749988680027067,
          "z_vs_null": 11.63466946692382
        },
        "severe": {
          "kappa_mean": -0.1416777326566447,
          "kappa_std": 0.010382555369204176,
          "kappa_se": 0.004238660480124007,
          "null_mean": -0.19630689175163119,
          "null_std": 0.023214764435876122,
          "z_vs_null": 2.3532075565911197
        }
      },
      "rank": [
        "minimum",
        "moderate",
        "severe",
        "mild"
      ],
      "rank_matches_canonical": true,
      "ks": {
        "minimum|mild": {
          "stat": 0.23452351110275532,
          "p": 7.083125396456036e-95
        },
        "minimum|moderate": {
          "stat": 0.1823909759756674,
          "p": 8.034212155087427e-58
        },
        "minimum|severe": {
          "stat": 0.1760961524313985,
          "p": 2.6039712224294953e-53
        },
        "mild|moderate": {
          "stat": 0.11271575781809699,
          "p": 3.8347619037943953e-22
        },
        "mild|severe": {
          "stat": 0.10744159445850267,
          "p": 6.159331400208989e-20
        },
        "moderate|severe": {
          "stat": 0.021825571453717905,
          "p": 0.30355528059326087
        }
      },
      "t_s": 67.0
    },
    {
      "N_star": 1000,
      "k_star": 10.0,
      "groups": {
        "minimum": {
          "kappa_mean": -0.13955746086857942,
          "kappa_std": 0.005155188453327328,
          "kappa_se": 0.002104596873089928,
          "null_mean": -0.29285524668067114,
          "null_std": 0.0017270416562881151,
          "z_vs_null": 88.76322424183479
        },
        "mild": {
          "kappa_mean": -0.11466347201124566,
          "kappa_std": 0.019923679806068,
          "kappa_se": 0.008133808220576652,
          "null_mean": -0.1782332784680323,
          "null_std": 0.014734788655580656,
          "z_vs_null": 4.314266593346095
        },
        "moderate": {
          "kappa_mean": -0.11823495818723216,
          "kappa_std": 0.008210689065353107,
          "kappa_se": 0.0033519997744607395,
          "null_mean": -0.1723997339889331,
          "null_std": 0.0034597613356568678,
          "z_vs_null": 15.655639377048896
        },
        "severe": {
          "kappa_mean": -0.118444247121286,
          "kappa_std": 0.010963615330917519,
          "kappa_se": 0.004475877216150477,
          "null_mean": -0.18276470644232348,
          "null_std": 0.04236630656446874,
          "z_vs_null": 1.518198411352218
        }
      },
      "rank": [
        "minimum",
        "severe",
        "moderate",
        "mild"
      ],
      "rank_matches_canonical": false,
      "ks": {
        "minimum|mild": {
          "stat": 0.21436697201830496,
          "p": 4.858836054995525e-90
        },
        "minimum|moderate": {
          "stat": 0.18786924638142663,
          "p": 1.6910039897552608e-72
        },
        "minimum|severe": {
          "stat": 0.12044030520646319,
          "p": 4.310844842551716e-27
        },
        "mild|moderate": {
          "stat": 0.03355534124099123,
          "p": 0.0101238091620885
        },
        "mild|severe": {
          "stat": 0.11489757412398922,
          "p": 1.1116290495571551e-24
        },
        "moderate|severe": {
          "stat": 0.08654459734964322,
          "p": 8.280675355828248e-15
        }
      },
      "t_s": 88.0
    },
    {
      "N_star": 1400,
      "k_star": 6.0,
      "groups": {
        "minimum": {
          "kappa_mean": -0.2461470261369182,
          "kappa_std": 0.0019775585707678283,
          "kappa_se": 0.0008073349058081263,
          "null_mean": -0.38023573835128904,
          "null_std": 0.001741552411080806,
          "z_vs_null": 76.9937851776482
        },
        "mild": {
          "kappa_mean": -0.20490106557191345,
          "kappa_std": 0.004201869776312377,
          "kappa_se": 0.0017154061529313024,
          "null_mean": -0.24044927536408703,
          "null_std": 0.01177267608847769,
          "z_vs_null": 3.019552183803459
        },
        "moderate": {
          "kappa_mean": -0.23257306317213908,
          "kappa_std": 0.00511710193761907,
          "kappa_se": 0.0020890481181623064,
          "null_mean": -0.26984582140962077,
          "null_std": 0.015108996100846732,
          "z_vs_null": 2.466924869706788
        },
        "severe": {
          "kappa_mean": -0.2176582330054578,
          "kappa_std": 0.006674389815975534,
          "kappa_se": 0.0027248082322614293,
          "null_mean": -0.24525906179081602,
          "null_std": 0.0060319928596096915,
          "z_vs_null": 4.575739631618888
        }
      },
      "rank": [
        "minimum",
        "moderate",
        "severe",
        "mild"
      ],
      "rank_matches_canonical": true,