{
  "protocol": "node-subsample to N* + edge-thin to <k>* on largest CC",
  "n_star": 1500,
  "k_star": 10.0,
  "reps": 20,
  "alpha": 0.5,
  "seed": 42,
  "results": [
    {
      "group": "minimum",
      "full_N": 1634,
      "matched_N_mean": 1492.15,
      "matched_k_mean": 10.032134227174641,
      "kappa_matched_mean": -0.17764488456704902,
      "kappa_matched_std": 0.0032294409603644647,
      "kappa_matched_ci95": [
        -0.17906024947232166,
        -0.17622951966177638
      ],
      "kappas": [
        -0.17771882559573424,
        -0.18050660649411748,
        -0.18000763900820918,
        -0.17946472816592568,
        -0.18231210750212037,
        -0.17564537607676012,
        -0.17357118444471478,
        -0.1691782859257951,
        -0.18132890777115737,
        -0.18007836424110055,
        -0.17652803737497139,
        -0.1773173473056846,
        -0.17833540777875542,
        -0.1786905455710544,
        -0.18104219547942993,
        -0.17765935916448897,
        -0.1791869247336286,
        -0.17360991312191407,
        -0.1767594497251328,
        -0.1739564858602859
      ],
      "t_s": 69.8
    },
    {
      "group": "mild",
      "full_N": 3089,
      "matched_N_mean": 1467.7,
      "matched_k_mean": 10.133533750230846,
      "kappa_matched_mean": -0.14527879522100834,
      "kappa_matched_std": 0.006402367235832876,
      "kappa_matched_ci95": [
        -0.14808475637883134,
        -0.14247283406318534
      ],
      "kappas": [
        -0.14314865107751612,
        -0.14761755135099008,
        -0.13533569729324205,
        -0.1455703330441458,
        -0.147005277520016,
        -0.1350249952415817,
        -0.13209106497266637,
        -0.15016369870655344,
        -0.15099597101658546,
        -0.14281864372273437,
        -0.15077233185427152,
        -0.14142139076350208,
        -0.14354609833024595,
        -0.1442269478195047,
        -0.15150271374622262,
        -0.14742311966380856,
        -0.15782409283842408,
        -0.15328104045739446,
        -0.14283269708049087,
        -0.14297358792027093
      ],
      "t_s": 139.6
    },
    {
      "group": "moderate",
      "full_N": 2238,
      "matched_N_mean": 1481.5,
      "matched_k_mean": 10.096884533783767,
      "kappa_matched_mean": -0.16724029320100658,
      "kappa_matched_std": 0.003680493369765516,
      "kappa_matched_ci95": [
        -0.16885334054065104,
        -0.16562724586136213
      ],
      "kappas": [
        -0.16393431069211786,
        -0.16627205617807614,
        -0.16965078101154246,
        -0.1686035390829175,
        -0.1602957118118404,
        -0.1652436764116249,
        -0.16364959116823186,
        -0.1730320840042052,
        -0.16574221386411353,
        -0.16719557007012475,
        -0.17060667710216723,
        -0.16976054946509045,
        -0.1635128137032981,
        -0.17163910888571618,
        -0.16918047471963996,
        -0.17035501686932975,
        -0.17004130722540609,
        -0.1625596399619035,
        -0.17136655394138506,
        -0.16216418785140072
      ],
      "t_s": 101.2
    },
    {
      "group": "severe",
      "full_N": 2685,
      "matched_N_mean": 1474.75,
      "matched_k_mean": 10.097394875154226,
      "kappa_matched_mean": -0.15603957606547353,
      "kappa_matched_std": 0.0048603682507688695,
      "kappa_matched_ci95": [
        -0.1581697263711361,
        -0.15390942575981095
      ],
      "kappas": [
        -0.15845491684943394,
        -0.1522481729988504,
        -0.1593338586638474,
        -0.16143325589420107,
        -0.15815209504007116,
        -0.15701971979308574,
        -0.15865014124122773,
        -0.16275931478953243,
        -0.15922976448257603,
        -0.16001194746508704,
        -0.15929390609058183,
        -0.1463998125040629,
        -0.14774121449720518,
        -0.1570409704798503,
        -0.1495562338691939,
        -0.14923387606160604,
        -0.1559232277640439,
        -0.1608411962232353,
        -0.15150865981834838,
        -0.15595923678342957
      ],
      "t_s": 112.5
    }
  ]
}