{
  "method": "maslov_sneppen_edge_rewiring_10E + exact_OT (POT network simplex)",
  "alpha": 0.5,
  "seed": 42,
  "n_nulls": 5,
  "results": [
    {
      "network_id": "depression_minimum",
      "N": 1634,
      "E": 11354,
      "mean_degree": 13.89718482252142,
      "kappa_real": -0.13026701572339883,
      "kappa_null_mean": -0.26419660771396425,
      "kappa_null_std": 0.0005020126687140025,
      "null_kappas": [
        -0.26506891868670734,
        -0.2639549209499406,
        -0.2641564860003485,
        -0.2638214452567487,
        -0.26398126767607594
      ],
      "n_nulls": 5,
      "delta_kappa": 0.13392959199056542,
      "z_score": 266.7852831954433,
      "p_empirical": 1.0,
      "t_total_s": 52.7
    },
    {
      "network_id": "depression_mild",
      "N": 3089,
      "E": 39840,
      "mean_degree": 25.794755584331497,
      "kappa_real": -0.07422010701987361,
      "kappa_null_mean": -0.10039934958088517,
      "kappa_null_std": 0.0004734752865775481,
      "null_kappas": [
        -0.10112661443435494,
        -0.09989673976926938,
        -0.10050141369494585,
        -0.100075685899153,
        -0.10039629410670259
      ],
      "n_nulls": 5,
      "delta_kappa": 0.026179242561011562,
      "z_score": 55.29167689034979,
      "p_empirical": 1.0,
      "t_total_s": 1061.8
    },
    {
      "network_id": "depression_moderate",
      "N": 2238,
      "E": 24109,
      "mean_degree": 21.545129579982127,
      "kappa_real": -0.08714958917567525,
      "kappa_null_mean": -0.12811289166658626,
      "kappa_null_std": 0.00021033392391143167,
      "null_kappas": [
        -0.1281946973905998,
        -0.12807375545785676,
        -0.12827681291595103,
        -0.1282550831177829,
        -0.12776410945074074
      ],
      "n_nulls": 5,
      "delta_kappa": 0.04096330249091101,
      "z_score": 194.75366469252967,
      "p_empirical": 1.0,
      "t_total_s": 341.0
    },
    {
      "network_id": "depression_severe",
      "N": 2685,
      "E": 32168,
      "mean_degree": 23.961266294227187,
      "kappa_real": -0.07828260834262951,
      "kappa_null_mean": -0.1082112618612463,
      "kappa_null_std": 0.0001526287559502768,
      "null_kappas": [
        -0.10819746504245993,
        -0.10797212044850019,
        -0.10838639394696863,
        -0.10821772240449871,
        -0.10828260746380397
      ],
      "n_nulls": 5,
      "delta_kappa": 0.029928653518616788,
      "z_score": 196.08790841725073,
      "p_empirical": 1.0,
      "t_total_s": 674.2
    }
  ]
}