{
  "human_swow_en": {
    "label": "SWOW-EN (Human)",
    "C": 0.12772427774961986,
    "kappa_min": -0.7888888888888892,
    "model": "human_swow_en",
    "kappa_mean": -0.13714700663919419,
    "kappa_max": 0.75,
    "N": 438,
    "geometry": "HYPERBOLIC",
    "id": "lwow_swow_en_ref",
    "frac_spherical": 0.2921875,
    "k_mean": 2.922374429223744,
    "eta_c": 3.0514293784863202,
    "eta": 0.019498338594933346,
    "E": 640,
    "frac_euclidean": 0.071875,
    "kappa_std": 0.312363300475585,
    "frac_hyperbolic": 0.6359375,
    "source": "human"
  },
  "discovery": "L",
  "llm_networks_matched": [
    {
      "label": "LWOW-Haiku (matched vocab)",
      "C": 0.18876404494382024,
      "kappa_min": -0.8090909090909091,
      "model": "lwow_haiku",
      "kappa_mean": -0.08896668403612845,
      "kappa_max": 0.75,
      "N": 344,
      "geometry": "HYPERBOLIC",
      "id": "lwow_haiku_matched",
      "frac_spherical": 0.37777777777777777,
      "lcc_fraction": 0.900523560209424,
      "k_mean": 3.13953488372093,
      "eta_c": 2.9617424278828652,
      "comparison": "matched_to_swow_en",
      "eta": 0.02865313745959475,
      "E": 540,
      "frac_euclidean": 0.04814814814814815,
      "kappa_std": 0.3165031195659458,
      "frac_hyperbolic": 0.5740740740740741,
      "source": "llm"
    },
    {
      "label": "LWOW-Mistral (matched vocab)",
      "C": 0.18211230533011624,
      "kappa_min": -0.7285714285714284,
      "model": "lwow_mistral",
      "kappa_mean": -0.2240896654015294,
      "kappa_max": 0.75,
      "N": 418,
      "geometry": "HYPERBOLIC",
      "id": "lwow_mistral_matched",
      "frac_spherical": 0.13394919168591224,
      "lcc_fraction": 1.0,
      "k_mean": 8.287081339712918,
      "eta_c": 3.034912425478914,
      "comparison": "matched_to_swow_en",
      "eta": 0.16429597399765083,
      "E": 1732,
      "frac_euclidean": 0.01558891454965358,
      "kappa_std": 0.20883853307030023,
      "frac_hyperbolic": 0.8504618937644342,
      "source": "llm"
    },
    {
      "label": "LWOW-Llama3 (matched vocab)",
      "C": 0.13027371887219594,
      "kappa_min": -0.6041666666666665,
      "model": "lwow_llama3",
      "kappa_mean": -0.13990803867988982,
      "kappa_max": 0.6666666666666666,
      "N": 417,
      "geometry": "HYPERBOLIC",
      "id": "lwow_llama3_matched",
      "frac_spherical": 0.09541102674149884,
      "lcc_fraction": 1.0,
      "k_mean": 14.52757793764988,
      "eta_c": 3.0340555197496393,
      "comparison": "matched_to_swow_en",
      "eta": 0.5061163566774378,
      "E": 3029,
      "frac_euclidean": 0.0036315615714757345,
      "kappa_std": 0.1162934141341644,
      "frac_hyperbolic": 0.9009574116870254,
      "source": "llm"
    }
  ],
  "title": "LLM vs Human Semantic Geometry",
  "conclusion": "All networks hyperbolic: LLMs preserve human semantic geometry"
}
