{
  "label": "LWOW-Mistral (matched vocab)",
  "C": 0.18211230533011624,
  "kappa_min": -0.7285714285714284,
  "model": "lwow_mistral",
  "kappa_mean": -0.2240896654015294,
  "kappa_max": 0.75,
  "N": 418,
  "geometry": "HYPERBOLIC",
  "id": "lwow_mistral_matched",
  "frac_spherical": 0.13394919168591224,
  "lcc_fraction": 1.0,
  "k_mean": 8.287081339712918,
  "eta_c": 3.034912425478914,
  "comparison": "matched_to_swow_en",
  "eta": 0.16429597399765083,
  "E": 1732,
  "frac_euclidean": 0.01558891454965358,
  "kappa_std": 0.20883853307030023,
  "frac_hyperbolic": 0.8504618937644342,
  "source": "llm"
}
