{
  "method": "exact_LP",
  "mean_path_length": 7.0058,
  "kappa_min": -0.788889,
  "lly_kappa_std": 0.325267,
  "language": "English",
  "kappa_mean": -0.137147,
  "diameter": 20,
  "elapsed_orc_seconds": 1.6,
  "degree_std": 1.8436,
  "min_degree": 1,
  "n_threads": 24,
  "kappa_max": 0.75,
  "N": 438,
  "geometry": "HYPERBOLIC",
  "frac_spherical": 0.2859,
  "solver": "HiGHS",
  "median_degree": 2.5,
  "lly_kappa_mean": -0.388504,
  "per_edge_curvatures": [
    0.333333,
    0.25,
    0.15,
    0.25,
    0.425,
    -0.15,
    -0.3,
    0.333333,
    -0.1,
    0.333333,
    0.333333,
    0.0,
    -0.25,
    0.25,
    -0.166667,
    -0.333333,
    -0.166667,
    -0.333333,
    -0.466667,
    -0.166667,
    0.0,
    -0.477778,
    -0.277778,
    0.111111,
    -0.366667,
    -0.388889,
    -0.027778,
    -0.688889,
    0.111111,
    -0.638889,
    0.0,
    0.166667,
    0.166667,
    -0.35,
    0.15,
    -0.3,
    -0.385714,
    -0.333333,
    -0.333333,
    -0.416667,
    0.333333,
    0.75,
    0.083333,
    -0.333333,
    0.416667,
    0.166667,
    -0.291667,
    -0.266667,
    0.0,
    -0.166667,
    -0.166667,
    -0.466667,
    -0.6,
    0.15,
    -0.3,
    -0.466667,
    -0.166667,
    -0.166667,
    -0.466667,
    -0.555556,
    -0.555556,
    -0.611111,
    -0.333333,
    -0.555556,
    -0.527778,
    -0.638889,
    -0.555556,
    -0.333333,
    -0.25,
    0.0,
    -0.111111,
    -0.125,
    -0.583333,
    -0.25,
    -0.125,
    0.0,
    0.111111,
    -0.222222,
    0.166667,
    -0.166667,
    -0.375,
    0.107143,
    0.25,
    -0.25,
    -0.166667,
    -0.166667,
    0.0,
    -0.025,
    0.458333,
    -0.025,
    -0.166667,
    0.041667,
    0.166667,
    -0.35,
    -0.25,
    0.291667,
    -0.183333,
    -0.375,
    -0.3,
    0.0,
    -0.5,
    0.0,
    -0.25,
    -0.35,
    -0.416667,
    -0.166667,
    -0.52381,
    0.2,
    -0.291667,
    -0.675,
    -0.675,
    -0.6125,
    -0.625,
    -0.4125,
    -0.625,
    -0.541667,
    -0.347222,
    -0.166667,
    -0.375,
    -0.5,
    0.5,
    -0.416667,
    0.333333,
    0.142857,
    0.0,
    0.25,
    0.25,
    0.333333,
    -0.466667,
    -0.5,
    -0.25,
    -0.25,
    -0.333333,
    -0.52381,
    -0.583333,
    -0.0,
    -0.5,
    -0.125,
    -0.333333,
    -0.166667,
    -0.416667,
    -0.019231,
    0.3,
    0.25,
    -0.384615,
    -0.1,
    -0.366667,
    -0.55,
    0.266667,
    -0.225,
    0.5,
    -0.333333,
    0.15,
    0.416667,
    -0.375,
    -0.25,
    0.0,
    -0.555556,
    -0.166667,
    -0.555556,
    0.416667,
    0.166667,
    -0.5,
    -0.325,
    -0.166667,
    -0.25,
    0.0,
    0.0,
    -0.166667,
    0.5,
    -0.25,
    -0.225,
    0.25,
    0.0,
    0.0,
    0.166667,
    0.266667,
    -0.25,
    -0.25,
    -0.25,
    -0.25,
    -0.333333,
    -0.333333,
    -0.3125,
    -0.466667,
    -0.3,
    -0.3,
    -0.6,
    0.111111,
    -0.3,
    -0.3,
    0.25,
    0.333333,
    0.0,
    -0.291667,
    -0.166667,
    0.0,
    0.5,
    -0.5,
    -0.2,
    0.142857,
    0.041667,
    0.333333,
    0.166667,
    0.0,
    -0.333333,
    0.0,
    0.0,
    0.5,
    -0.375,
    0.166667,
    -0.041667,
    0.2,
    -0.3,
    -0.3,
    0.15,
    0.15,
    0.458333,
    0.016667,
    0.266667,
    0.111111,
    -0.055556,
    -0.388889,
    -0.083333,
    -0.388889,
    -0.402778,
    -0.266667,
    -0.111111,
    -0.111111,
    0.416667,
    0.416667,
    -0.55,
    -0.583333,
    -0.5,
    -0.35,
    -0.5,
    0.5,
    -0.3,
    0.076923,
    0.076923,
    -0.333333,
    -0.466667,
    0.333333,
    0.416667,
    0.416667,
    0.416667,
    -0.333333,
    0.333333,
    0.25,
    0.5,
    0.266667,
    0.25,
    -0.3,
    0.0,
    -0.166667,
    0.075,
    -0.208333,
    0.1,
    -0.25,
    0.0,
    -0.142857,
    0.166667,
    -0.266667,
    0.2,
    -0.464286,
    -0.35,
    -0.380952,
    -0.266667,
    -0.416667,
    -0.225,
    -0.3,
    -0.3,
    -0.633333,
    0.111111,
    -0.166667,
    0.0,
    0.25,
    -0.057692,
    0.2,
    0.375,
    0.25,
    -0.166667,
    -0.25,
    -0.466667,
    0.2,
    -0.166667,
    -0.333333,
    -0.416667,
    -0.25,
    -0.033333,
    -0.7,
    -0.166667,
    -0.566667,
    -0.25,
    -0.641667,
    -0.25,
    -0.166667,
    -0.25,
    0.75,
    0.25,
    -0.166667,
    0.125,
    -0.633333,
    -0.55,
    -0.55,
    0.1,
    -0.230769,
    -0.2,
    -0.357143,
    -0.25,
    -0.25,
    0.15,
    0.166667,
    -0.166667,
    -0.1,
    -0.1,
    -0.225,
    -0.35,
    -0.333333,
    0.25,
    0.25,
    -0.25,
    -0.291667,
    -0.291667,
    -0.416667,
    -0.166667,
    -0.25,
    -0.541667,
    -0.291667,
    0.25,
    -0.45,
    -0.25,
    -0.225,
    -0.466667,
    0.2,
    -0.3,
    -0.214286,
    -0.333333,
    0.0,
    0.166667,
    0.0,
    -0.166667,
    0.5,
    -0.166667,
    -0.166667,
    0.0,
    -0.291667,
    -0.25,
    -0.583333,
    -0.416667,
    0.0,
    -0.25,
    -0.166667,
    -0.466667,
    -0.166667,
    -0.1,
    -0.225,
    -0.423077,
    -0.019231,
    -0.397436,
    -0.153846,
    -0.557692,
    -0.596154,
    -0.634615,
    -0.333333,
    0.333333,
    0.027778,
    0.5,
    -0.166667,
    0.142857,
    0.416667,
    -0.125,
    -0.305556,
    0.0,
    -0.291667,
    -0.45,
    -0.166667,
    -0.416667,
    0.0,
    0.0,
    -0.222222,
    0.0,
    0.083333,
    0.0,
    0.0,
    0.142857,
    -0.171429,
    -0.339286,
    -0.416667,
    -0.35,
    0.25,
    -0.291667,
    -0.5,
    0.25,
    0.416667,
    -0.52381,
    0.333333,
    -0.555556,
    -0.55,
    -0.3,
    -0.55,
    -0.166667,
    0.5,
    0.1,
    -0.125,
    -0.788889,
    0.066667,
    0.05,
    -0.142857,
    -0.1,
    -0.5,
    -0.166667,
    0.375,
    0.027778,
    -0.166667,
    -0.583333,
    0.25,
    -0.041667,
    -0.25,
    -0.4,
    -0.635714,
    -0.325,
    -0.4,
    -0.25,
    -0.65,
    -0.65,
    -0.6,
    -0.733333,
    0.083333,
    0.416667,
    -0.375,
    -0.166667,
    -0.25,
    -0.333333,
    -0.416667,
    0.138889,
    0.25,
    -0.452381,
    -0.452381,
    -0.166667,
    0.333333,
    -0.166667,
    -0.416667,
    -0.416667,
    -0.2,
    -0.708333,
    -0.5,
    0.0,
    0.25,
    0.111111,
    -0.222222,
    -0.472222,
    -0.583333,
    0.2,
    -0.541667,
    -0.541667,
    -0.5625,
    -0.25,
    -0.3,
    0.25,
    0.25,
    0.375,
    -0.111111,
    -0.583333,
    -0.357143,
    0.0,
    -0.333333,
    0.5,
    0.166667,
    0.333333,
    0.25,
    0.0,
    0.0,
    0.0,
    -0.416667,
    -0.416667,
    -0.416667,
    -0.333333,
    -0.333333,
    -0.166667,
    -0.225,
    0.166667,
    -0.166667,
    -0.333333,
    -0.25,
    -0.25,
    0.25,
    0.0,
    -0.25,
    0.095238,
    -0.339286,
    -0.375,
    0.0,
    -0.166667,
    -0.3,
    0.0,
    0.166667,
    -0.402778,
    0.458333,
    0.458333,
    -0.416667,
    -0.25,
    -0.625,
    -0.541667,
    -0.52381,
    -0.3,
    -0.466667,
    -0.55,
    -0.55,
    0.25,
    -0.416667,
    0.0,
    0.0,
    0.333333,
    -0.166667,
    0.5,
    0.3,
    -0.416667,
    -0.291667,
    -0.619048,
    -0.452381,
    0.083333,
    -0.52381,
    0.0,
    0.111111,
    -0.388889,
    -0.388889,
    0.0,
    -0.375,
    0.166667,
    -0.166667,
    -0.3,
    0.15,
    0.5,
    0.111111,
    -0.236111,
    -0.388889,
    -0.277778,
    0.071429,
    0.5,
    0.5,
    -0.166667,
    -0.166667,
    0.75,
    0.15,
    0.15,
    -0.325,
    -0.35,
    -0.466667,
    -0.3,
    -0.6,
    0.333333,
    -0.25,
    -0.166667,
    -0.166667,
    0.25,
    -0.458333,
    -0.166667,
    -0.166667,
    0.333333,
    0.416667,
    0.75,
    -0.3,
    0.2,
    -0.6,
    -0.291667,
    -0.125,
    0.0,
    0.333333,
    -0.333333,
    -0.166667,
    0.333333,
    0.25,
    0.178571,
    -0.666667,
    0.5,
    -0.25,
    0.5,
    0.2,
    -0.25,
    -0.416667,
    0.25,
    0.333333,
    -0.6,
    0.333333,
    -0.416667,
    0.083333,
    0.5,
    0.0,
    -0.416667,
    -0.125,
    -0.3,
    0.333333,
    0.166667,
    -0.5,
    -0.25,
    0.0,
    0.416667,
    -0.2,
