{
  "method": "exact_LP",
  "mean_path_length": 8.2512,
  "kappa_min": -0.742424,
  "lly_kappa_std": 0.35002,
  "language": "Spanish",
  "kappa_mean": -0.068341,
  "diameter": 21,
  "elapsed_orc_seconds": 5.5,
  "degree_std": 1.7393,
  "min_degree": 1,
  "n_threads": 24,
  "kappa_max": 0.75,
  "N": 422,
  "geometry": "HYPERBOLIC",
  "frac_spherical": 0.3433,
  "solver": "HiGHS",
  "median_degree": 2.0,
  "lly_kappa_mean": -0.344192,
  "per_edge_curvatures": [
    0.25,
    0.0,
    0.0,
    0.25,
    -0.083333,
    -0.083333,
    -0.466667,
    0.5,
    -0.166667,
    0.0,
    -0.333333,
    0.5,
    0.5,
    -0.166667,
    -0.125,
    0.25,
    -0.227273,
    -0.352273,
    -0.409091,
    0.090909,
    -0.068182,
    -0.279221,
    -0.227273,
    -0.409091,
    0.022727,
    -0.439394,
    -0.742424,
    0.416667,
    0.75,
    -0.25,
    0.0,
    -0.2,
    -0.25,
    0.125,
    0.25,
    -0.125,
    0.25,
    0.166667,
    0.25,
    -0.416667,
    -0.166667,
    0.0,
    -0.25,
    0.0,
    -0.166667,
    -0.096154,
    0.75,
    0.333333,
    0.25,
    -0.333333,
    -0.388889,
    -0.55,
    -0.633333,
    -0.466667,
    -0.3,
    -0.3,
    0.083333,
    -0.416667,
    -0.416667,
    -0.458333,
    -0.458333,
    -0.583333,
    -0.083333,
    -0.333333,
    -0.083333,
    -0.416667,
    -0.716667,
    -0.333333,
    -0.52381,
    -0.309524,
    -0.214286,
    0.035714,
    -0.535714,
    -0.464286,
    0.142857,
    0.333333,
    0.333333,
    0.25,
    0.5,
    -0.166667,
    -0.3,
    -0.25,
    -0.65,
    -0.25,
    0.25,
    -0.225,
    -0.471154,
    -0.416667,
    0.5,
    -0.25,
    0.1,
    0.5,
    -0.166667,
    0.25,
    0.416667,
    -0.25,
    -0.166667,
    -0.416667,
    -0.166667,
    -0.416667,
    -0.083333,
    0.25,
    -0.3,
    0.178571,
    0.25,
    -0.047619,
    -0.291667,
    0.333333,
    -0.555556,
    0.333333,
    0.5,
    0.25,
    0.25,
    0.5,
    -0.25,
    -0.566667,
    0.333333,
    -0.291667,
    -0.25,
    -0.125,
    -0.583333,
    -0.25,
    -0.416667,
    0.25,
    -0.416667,
    0.5,
    -0.333333,
    0.25,
    -0.45,
    -0.166667,
    -0.166667,
    -0.1,
    0.166667,
    0.416667,
    0.0,
    0.0,
    -0.225,
    0.266667,
    0.25,
    0.166667,
    0.166667,
    -0.166667,
    -0.5,
    -0.527778,
    -0.291667,
    0.166667,
    0.458333,
    0.125,
    0.142857,
    -0.3,
    0.5,
    0.333333,
    0.25,
    -0.25,
    -0.402778,
    -0.25,
    -0.3,
    0.375,
    0.375,
    -0.125,
    -0.25,
    0.0,
    -0.5,
    -0.166667,
    -0.469231,
    -0.466667,
    -0.55,
    -0.325,
    -0.027778,
    -0.277778,
    -0.388889,
    -0.388889,
    -0.388889,
    -0.555556,
    -0.388889,
    0.111111,
    0.0,
    -0.142857,
    0.041667,
    -0.466667,
    -0.333333,
    0.166667,
    0.416667,
    0.5,
    0.3,
    0.333333,
    -0.466667,
    0.166667,
    0.0,
    0.666667,
    0.5,
    0.166667,
    0.0,
    0.5,
    -0.333333,
    -0.25,
    0.076923,
    -0.291667,
    -0.333333,
    -0.583333,
    -0.722222,
    0.0,
    -0.25,
    -0.346154,
    0.0,
    -0.471154,
    0.076923,
    -0.307692,
    -0.589744,
    -0.096154,
    -0.423077,
    -0.589744,
    -0.723077,
    0.5,
    -0.3,
    -0.166667,
    0.416667,
    0.416667,
    -0.333333,
    -0.225,
    -0.1,
    0.2,
    -0.466667,
    0.5,
    -0.166667,
    0.25,
    0.416667,
    -0.466667,
    0.5,
    0.0,
    0.5,
    -0.166667,
    0.333333,
    -0.416667,
    -0.333333,
    -0.2,
    -0.333333,
    0.0,
    -0.166667,
    -0.125,
    -0.375,
    0.0,
    -0.25,
    -0.339286,
    0.25,
    -0.125,
    0.25,
    -0.166667,
    0.5,
    -0.166667,
    0.0,
    0.0,
    0.416667,
    -0.25,
    -0.291667,
    0.416667,
    0.041667,
    -0.466667,
    0.416667,
    -0.416667,
    0.041667,
    0.166667,
    -0.166667,
    0.25,
    0.25,
    -0.125,
    0.25,
    0.0,
    0.0,
    -0.119048,
    -0.011905,
    -0.657143,
    -0.119048,
    0.142857,
    0.75,
    0.25,
    0.25,
    -0.166667,
    -0.5,
    -0.633333,
    -0.714286,
    -0.071429,
    -0.607143,
    -0.285714,
    -0.585714,
    0.107143,
    0.25,
    0.0,
    -0.166667,
    -0.1,
    -0.416667,
    -0.466667,
    -0.166667,
    0.2,
    -0.3,
    -0.55,
    -0.466667,
    -0.3,
    0.2,
    -0.25,
    0.0,
    -0.25,
    -0.083333,
    0.0,
    -0.083333,
    -0.027778,
    0.208333,
    0.333333,
    -0.166667,
    -0.166667,
    -0.333333,
    -0.071429,
    -0.214286,
    0.107143,
    0.035714,
    -0.166667,
    0.125,
    0.0,
    -0.208333,
    -0.166667,
    -0.25,
    0.333333,
    0.416667,
    0.083333,
    0.333333,
    -0.166667,
    0.25,
    -0.416667,
    -0.583333,
    -0.5,
    -0.166667,
    0.0,
    0.0,
    0.5,
    -0.166667,
    0.0,
    0.25,
    -0.25,
    -0.25,
    0.25,
    0.166667,
    0.1,
    -0.35,
    -0.05,
    -0.45,
    -0.2,
    -0.3,
    -0.4,
    -0.55,
    -0.333333,
    0.416667,
    -0.466667,
    0.166667,
    0.416667,
    -0.166667,
    -0.166667,
    -0.166667,
    -0.125,
    -0.416667,
    -0.291667,
    -0.25,
    -0.333333,
    -0.583333,
    -0.166667,
    -0.166667,
    -0.166667,
    -0.166667,
    -0.166667,
    0.0,
    0.0,
    0.0,
    0.5,
    0.416667,
    0.166667,
    -0.52381,
    0.416667,
    0.0,
    0.166667,
    0.375,
    0.333333,
    0.166667,
    0.416667,
    0.5,
    -0.3,
    -0.3,
    0.75,
    -0.05,
    0.25,
    0.0,
    0.2,
    0.25,
    -0.166667,
    -0.25,
    -0.583333,
    -0.375,
    -0.166667,
    -0.166667,
    0.0,
    0.25,
    0.333333,
    0.25,
    -0.25,
    -0.05,
    0.142857,
    0.0,
    0.0,
    0.5,
    0.5,
    -0.3,
    0.25,
    -0.333333,
    -0.166667,
    0.5,
    0.0,
    0.0,
    0.0,
    0.5,
    0.041667,
    -0.25,
    -0.5,
    -0.166667,
    -0.166667,
    0.5,
    -0.333333,
    -0.166667,
    0.333333,
    -0.166667,
    -0.416667,
    0.0,
    -0.366667,
    -0.45,
    -0.55,
    0.0,
    -0.166667,
    0.5,
    0.333333,
    0.75,
    0.416667,
    0.0,
    0.416667,
    0.25,
    -0.166667,
    0.0,
    -0.277778,
    -0.291667,
    -0.416667,
    -0.166667,
    -0.166667,
    -0.333333,
    0.416667,
    -0.333333,
    0.142857,
    0.15,
    0.2,
    -0.3,
    -0.657143,
    -0.142857,
    0.190476,
    -0.452381,
    0.178571,
    -0.416667,
    0.0,
    0.166667,
    -0.166667,
    0.3,
    0.333333,
    -0.166667,
    -0.166667,
    0.5,
    -0.166667,
    0.25,
    -0.291667,
    0.25,
    -0.166667,
    -0.388889,
    0.416667,
    0.25,
    0.2,
    -0.333333,
    -0.333333,
    0.25,
    0.0,
    0.0,
    -0.166667,
    -0.55,
    -0.416667,
    0.166667,
    0.5,
    -0.4,
    0.1,
    -0.3,
    -0.05,
    -0.733333,
    0.0,
    -0.166667,
    -0.5,
    -0.25,
    -0.25,
    0.0,
    0.5,
    0.0,
    -0.208333,
    -0.333333,
    -0.083333,
    0.142857,
    0.25,
    -0.225,
    0.25,
    0.0,
    0.166667,
    0.083333,
    -0.607143,
    0.2,
    -0.166667,
    -0.333333,
    0.333333,
    -0.027778,
    -0.3,
    -0.466667,
    -0.166667,
    0.142857,
    -0.357143,
    -0.333333,
    0.166667,
    -0.083333,
    0.5,
    -0.333333,
    0.166667,
    -0.277778,
    -0.166667,
    -0.027778,
    0.416667,
    -0.083333,
    -0.388889,
    -0.166667,
    0.2,
    0.0,
    -0.166667,
    -0.416667,
    -0.3,
    0.0,
    0.333333,
    0.5,
    0.25,
    0.166667,
    -0.416667,
    0.2,
    0.416667,
    -0.416667,
    0.0,
    -0.180556,
    -0.291667,
    0.166667,
    0.416667,
    -0.333333,
    0.416667,
    -0.166667,
    -0.466667,
    -0.416667,
    -0.166667,
    0.333333,
    -0.25,
    -0.3,
    -0.3,
    -0.35,
    -0.45,
    -0.25,
    -0.5,
    -0.333333,
    -0.111111,
    -0.666667
  ],
  "alpha": 0.5,
  "experiment": "unified_semantic_orc",
  "elapsed_apsp_seconds": 0.3,
  "mean_degree": 2.7062,
  "eta": 0.017354,
  "E": 571,
  "category": "association",
  "clustering": 0.13594,
  "kappa_std": 0.319316,