{
  "method": "exact_LP",
  "mean_path_length": 5.1568,
  "kappa_min": -0.919485,
  "lly_kappa_std": 0.284508,
  "language": "English",
  "kappa_mean": -0.001532,
  "diameter": 7,
  "elapsed_orc_seconds": 1.5,
  "degree_std": 4.0715,
  "min_degree": 1,
  "n_threads": 24,
  "kappa_max": 0.75,
  "N": 500,
  "geometry": "EUCLIDEAN/TRANSITION",
  "frac_spherical": 0.8197,
  "solver": "HiGHS",
  "median_degree": 1.0,
  "lly_kappa_mean": -0.774664,
  "per_edge_curvatures": [
    0.333333,
    0.047619,
    0.1,
    -0.813889,
    -0.838889,
    -0.555556,
    -0.853175,
    -0.838889,
    0.111111,
    -0.638889,
    -0.851852,
    -0.788889,
    0.5,
    0.5,
    -0.190476,
    0.1,
    0.035714,
    0.032258,
    0.090909,
    0.090909,
    0.333333,
    -0.62963,
    0.333333,
    0.058824,
    -0.411765,
    0.25,
    0.1,
    0.043478,
    0.055556,
    0.2,
    0.043478,
    0.0625,
    0.055556,
    0.055556,
    0.035714,
    0.058824,
    0.125,
    0.037037,
    0.035714,
    0.2,
    0.5,
    -0.125,
    0.05,
    0.05,
    0.05,
    0.05,
    0.05,
    0.05,
    0.05,
    0.05,
    0.05,
    -0.4,
    0.05,
    0.05,
    0.05,
    -0.591667,
    0.05,
    0.05,
    0.05,
    -0.15,
    0.05,
    0.05,
    0.032258,
    0.090909,
    0.058824,
    0.05,
    0.035714,
    0.111111,
    0.032258,
    0.1,
    0.090909,
    0.333333,
    0.333333,
    -0.62963,
    0.090909,
    0.5,
    0.032258,
    0.058824,
    0.032258,
    0.026316,
    0.058824,
    0.058824,
    -0.102941,
    0.058824,
    0.058824,
    0.058824,
    0.058824,
    0.058824,
    -0.441176,
    -0.768908,
    0.058824,
    -0.156863,
    -0.102941,
    0.058824,
    0.037037,
    0.043478,
    0.333333,
    0.333333,
    -0.62963,
    0.111111,
    0.026316,
    0.04,
    0.2,
    0.1,
    0.2,
    0.035714,
    0.125,
    0.035714,
    0.25,
    0.25,
    0.043478,
    0.035714,
    0.026316,
    0.05,
    0.05,
    0.05,
    0.05,
    0.05,
    0.05,
    0.05,
    0.05,
    0.05,
    0.05,
    0.05,
    0.05,
    0.05,
    0.05,
    0.05,
    0.05,
    0.05,
    0.05,
    0.1,
    0.125,
    0.035714,
    0.5,
    -0.462963,
    0.166667,
    0.1,
    0.111111,
    0.055556,
    0.1,
    0.1,
    0.1,
    -0.862963,
    0.1,
    0.1,
    0.090909,
    0.032258,
    0.055556,
    0.055556,
    0.142857,
    0.055556,
    0.055556,
    0.142857,
    0.055556,
    0.037037,
    0.05,
    0.032258,
    0.166667,
    0.111111,
    0.026316,
    0.25,
    -0.428571,
    0.0625,
    0.058824,
    0.25,
    -0.05,
    0.043478,
    0.058824,
    0.04,
    0.04,
    -0.85,
    0.1,
    -0.05,
    -0.05,
    0.1,
    0.1,
    0.1,
    0.04,
    0.058824,
    0.090909,
    0.5,
    0.090909,
    0.04,
    0.066667,
    0.043478,
    0.026316,
    0.047619,
    0.058824,
    0.066667,
    0.032258,
    0.026316,
    0.04,
    0.035714,
    0.035714,
    0.0625,
    0.047619,
    0.125,
    0.04,
    0.058824,
    -0.52381,
    -0.555556,
    0.047619,
    0.035714,
    0.25,
    0.111111,
    0.04,
    0.111111,
    0.111111,
    0.090909,
    0.333333,
    -0.158333,
    0.5,
    -0.433333,
    0.026316,
    0.026316,
    0.055556,
    0.047619,
    0.026316,
    0.0625,
    0.026316,
    0.333333,
    0.032258,
    0.333333,
    -0.62963,
    0.111111,
    0.2,
    0.037037,
    0.2,
    0.2,
    -0.75,
    0.2,
    0.2,
    0.026316,
    0.0625,
    0.055556,
    0.043478,
    0.25,
    0.035714,
    0.035714,
    0.035714,
    0.035714,
    0.035714,
    0.035714,
    0.035714,
    0.035714,
    0.035714,
    0.035714,
    0.035714,
    0.035714,
    0.035714,
    0.035714,
    0.035714,
    0.035714,
    -0.6,
    0.333333,
    0.026316,
    0.026316,
    0.25,
    -0.05,
    0.026316,
    0.032258,
    0.333333,
    0.25,
    0.026316,
    0.043478,
    0.111111,
    0.083333,
    0.25,
    0.25,
    -0.091667,
    0.04,
    0.026316,
    0.066667,
    0.142857,
    0.04,
    0.032258,
    0.032258,
    0.032258,
    0.032258,
    0.032258,
    -0.917742,
    0.032258,
    0.032258,
    0.032258,
    0.032258,
    0.032258,
    0.032258,
    0.032258,
    0.032258,
    0.032258,
    0.032258,
    0.032258,
    0.032258,
    0.032258,
    0.032258,
    0.032258,
    0.04,
    0.111111,
    0.047619,
    0.047619,
    0.5,
    -0.462963,
    0.5,
    -0.433333,
    0.25,
    -0.683333,
    0.25,
    0.055556,
    0.043478,
    0.333333,
    0.04,
    0.090909,
    0.04,
    0.04,
    0.026316,
    0.111111,
    0.111111,
    0.026316,
    0.090909,
    0.090909,
    0.090909,
    -0.872054,
    0.090909,
    0.026316,
    0.026316,
    0.125,
    0.090909,
    0.047619,
    0.047619,
    0.125,
    -0.712963,
    0.25,
    -0.473684,
    -0.166667,
    0.066667,
    0.142857,
    -0.071429,
    -0.783069,
    -0.071429,
    0.047619,
    0.5,
    -0.45,
    0.2,
    0.2,
    0.2,
    -0.762963,
    0.2,
    0.026316,
    0.043478,
    0.066667,
    0.166667,
    0.043478,
    0.2,
    0.1,
    -0.725926,
    0.1,
    0.166667,
    0.166667,
    -0.733333,
    -0.416667,
    0.166667,
    -0.763393,
    0.0625,
    0.0625,
    0.0625,
    0.0625,
    0.0625,
    -0.4375,
    -0.40625,
    0.0625,
    0.0625,
    0.0625,
    0.05,
    0.05,
    -0.616667,
    -0.866176,
    -0.838889,
    0.05,
    -0.45,
    0.05,
    0.05,
    0.05,
    -0.878571,
    -0.9,
    -0.616667,
    -0.45,
    0.05,
    0.090909,
    0.333333,
    0.333333,
    0.333333,
    -0.133333,
    0.058824,
    0.058824,
    0.058824,
    0.333333,
    -0.133333,
    0.333333,
    -0.058333,
    0.058824,
    0.05,
    0.026316,
    0.25,
    0.055556,
    0.166667,
    0.166667,
    0.333333,
    -0.133333,
    0.04,
    0.111111,
    0.026316,
    0.05,
    0.043478,
    0.066667,
    0.026316,
    -0.197368,
    -0.830827,
    0.026316,
    0.026316,
    0.026316,
    0.026316,
    0.026316,
    0.026316,
    0.026316,
    0.026316,
    0.026316,
    0.026316,
    -0.197368,
    0.043478,
    0.04,
    0.055556,
    -0.907407,
    0.055556,
    0.055556,
    0.055556,
    0.04,
    0.043478,
    0.125,
    0.125,
    -0.837963,
    0.125,
    0.125,
    0.111111,
    -0.872054,
    0.090909,
    0.090909,
    -0.409091,
    0.090909,
    0.75,
    -0.027778,
    0.75,
    0.333333,
    0.047619,
    0.047619,
    -0.166667,
    0.333333,
    0.416667,
    -0.411765,
    0.04,
    0.04,
    -0.817143,
    0.142857,
    -0.746032,
    -0.133333,
    0.043478,
    0.333333,
    0.058824,
    0.058824,
    0.058824,
    0.058824,
    0.043478,
    0.2,
    0.043478,
    -0.919485,
    0.043478,
    0.043478,
    0.043478,
    0.043478,
    0.043478,
    0.125,
    -0.837963,
    0.125,
    0.125,
    0.125,
    0.333333,
    0.111111,
    0.111111,
    0.04,
    0.04,
    0.04,
    0.04,
    0.04,
    0.047619,
    0.2,
    0.5,
    -0.05,
    -0.05,
    0.75,
    0.047619,
    0.166667,
    -0.796296,
    -0.62963,
    -0.762963,
    -0.762963,
    -0.62963,
    0.2,
    0.111111,
    -0.130952,
    -0.133333,
    0.111111,
    -0.130952,
    0.066667,
    0.066667,
    0.066667,
    0.05,
    0.111111,
    0.111111,
    0.5,
    0.2,
    0.05,
    0.111111,
    -0.027778,
    0.111111,
    0.047619,
    0.047619,
    0.333333
  ],
  "alpha": 0.5,
  "experiment": "unified_semantic_orc",
  "elapsed_apsp_seconds": 0.0,
  "mean_degree": 2.108,
  "eta": 0.008887,
  "E": 527,
  "category": "taxonomy",
  "clustering": 0.012712,
  "kappa_std": 0.284309,