{
  "dataset": "wordnet",
  "timestamp": "2025-11-06",
  "network_stats": {
    "n_nodes": 500,
    "n_edges": 1054,
    "density": 0.004224448897795591
  },
  "clustering": {
    "clustering_weighted": 0.04562147977256336,
    "clustering_binary": 0.04562147977256336
  },
  "curvature": {
    "kappa_mean": -0.0015320866409303884,
    "kappa_std": 0.28403889759309153,
    "kappa_min": -0.9194847020933983,
    "kappa_max": 0.75,
    "kappa_all": [
      0.33333333333333337,
      -0.6000000000000001,
      0.33333333333333337,
      -0.8629629629629634,
      0.09999999999999998,
      0.09999999999999998,
      0.09999999999999998,
      0.09999999999999998,
      0.09999999999999998,
      0.09999999999999998,
      0.09999999999999998,
      0.09999999999999998,
      0.09999999999999998,
      -0.8518518518518521,
      -0.9074074074074079,
      -0.7962962962962965,
      -0.46296296296296346,
      -0.9194847020933983,
      -0.62962962962963,
      -0.6296296296296298,
      -0.8379629629629635,
      -0.7629629629629631,
      -0.8379629629629637,
      -0.6296296296296298,
      -0.7629629629629637,
      -0.7629629629629633,
      -0.7259259259259261,
      -0.8720538720538729,
      -0.7830687830687835,
      -0.712962962962963,
      0.037037037037037424,
      0.037037037037037535,
      -0.6296296296296298,
      0.037037037037037535,
      -0.46296296296296324,
      0.037037037037037424,
      -0.6296296296296298,
      -0.6296296296296298,
      -0.8720538720538729,
      0.032258064516129115,
      -0.9177419354838701,
      0.03225806451612967,
      0.03225806451612967,
      0.03225806451612967,
      0.03225806451612967,
      0.03225806451612967,
      0.03225806451612967,
      0.03225806451612967,
      0.03225806451612967,
      0.03225806451612967,
      0.03225806451612967,
      0.03225806451612967,
      0.03225806451612967,
      0.03225806451612967,
      0.03225806451612967,
      0.03225806451612967,
      0.03225806451612967,
      0.03225806451612967,
      0.03225806451612967,
      0.03225806451612967,
      0.03225806451612967,
      0.03225806451612967,
      0.03225806451612967,
      0.03225806451612967,
      0.03225806451612967,
      0.03225806451612967,
      0.03225806451612967,
      0.03225806451612967,
      0.03225806451612967,
      0.03225806451612967,
      0.05882352941176472,
      -0.8661764705882347,
      0.05882352941176483,
      0.05882352941176483,
      0.05882352941176483,
      0.05882352941176483,
      0.05882352941176483,
      0.05882352941176483,
      0.05882352941176483,
      0.05882352941176483,
      0.05882352941176483,
      -0.4117647058823526,
      0.05882352941176483,
      0.05882352941176483,
      0.05882352941176483,
      0.05882352941176483,
      0.05882352941176483,
      0.04999999999999993,
      -0.8388888888888881,
      0.04999999999999993,
      0.04999999999999982,
      0.04999999999999982,
      0.04999999999999982,
      0.04999999999999993,
      0.04999999999999993,
      0.04999999999999993,
      0.04999999999999993,
      0.04999999999999982,
      0.04999999999999982,
      0.04999999999999982,
      0.04999999999999982,
      0.04999999999999982,
      0.04999999999999982,
      0.04999999999999993,
      0.04999999999999993,
      0.04999999999999993,
      0.04999999999999993,
      0.33333333333333337,
      0.33333333333333337,
      -0.050000000000000044,
      0.75,
      -0.8499999999999992,
      0.09999999999999998,
      0.09999999999999998,
      0.09999999999999998,
      0.09999999999999998,
      0.09999999999999998,
      -0.04999999999999982,
      0.09999999999999998,
      0.09999999999999998,
      0.026315789473683293,
      -0.8308270676691729,
      0.02631578947368396,
      0.026315789473683737,
      0.02631578947368396,
      0.026315789473683737,
      0.02631578947368396,
      0.026315789473683848,
      0.02631578947368396,
      0.026315789473683737,
      0.02631578947368396,
      0.02631578947368407,
      0.02631578947368396,
      0.02631578947368396,
      0.02631578947368396,
      0.02631578947368396,
      0.02631578947368407,
      -0.4736842105263164,
      0.02631578947368396,
      0.026315789473683848,
      0.02631578947368396,
      0.02631578947368396,
      0.02631578947368396,
      0.02631578947368396,
      -0.19736842105263164,
      0.026315789473683848,
      0.02631578947368396,
      0.02631578947368396,
      0.026315789473683848,
      0.026315789473683848,
      0.02631578947368396,
      0.02631578947368396,
      -0.19736842105263164,
      0.02631578947368396,
      0.02631578947368396,
      0.02631578947368396,
      0.026315789473683848,
      0.02631578947368407,
      -0.8388888888888879,
      0.11111111111111116,
      0.11111111111111116,
      0.11111111111111116,
      0.11111111111111116,
      0.11111111111111116,
      0.11111111111111116,
      0.11111111111111116,
      0.11111111111111116,
      -0.8388888888888881,
      0.04999999999999982,
      0.04999999999999993,
      -0.899999999999999,
      -0.8785714285714279,
      -0.44999999999999996,
      0.04999999999999982,
      -0.44999999999999996,
      0.04999999999999982,
      -0.44999999999999996,
      0.04999999999999982,
      -0.7499999999999993,
      -0.6166666666666665,
      -0.6166666666666663,
      0.04999999999999993,
      0.04999999999999993,
      0.20000000000000007,
      0.20000000000000007,
      0.20000000000000007,
      0.20000000000000007,
      -0.09166666666666679,
      -0.05000000000000049,
      -0.050000000000000266,
      -0.12500000000000044,
      -0.050000000000000266,
      0.04999999999999993,
      -0.13333333333333375,
      0.04999999999999982,
      0.04999999999999982,
      -0.050000000000000266,
      -0.05833333333333357,
      -0.1333333333333333,
      -0.13333333333333375,
      0.04999999999999982,
      -0.13333333333333375,
      -0.13333333333333353,
      -0.15833333333333344,
      0.04999999999999993,
      0.04999999999999993,
      0.08333333333333326,
      0.25,
      0.25,
      0.2500000000000002,
      0.2500000000000001,
      0.5,
      0.33333333333333326,
      0.33333333333333326,
      0.33333333333333326,
      0.33333333333333337,
      0.33333333333333337,
      0.33333333333333337,
      0.03571428571428514,
      -0.8531746031746035,
      0.0357142857142857,
      0.03571428571428559,
      0.0357142857142857,
      0.0357142857142857,
      0.03571428571428559,
      0.0357142857142857,
      0.0357142857142857,
      0.03571428571428559,
      0.0357142857142857,
      0.0357142857142857,
      0.0357142857142857,
      0.0357142857142857,
      0.0357142857142857,
      0.0357142857142857,
      0.0357142857142857,
      0.0357142857142857,
      0.0357142857142857,
      0.0357142857142857,
      0.0357142857142857,
      0.0357142857142857,
      0.0357142857142857,
      0.0357142857142857,
      0.0357142857142857,
      0.0357142857142857,
      0.0357142857142857,
      0.0357142857142857,
      -0.5555555555555558,
      -0.7888888888888892,
      -0.8138888888888884,
      -0.6388888888888891,
      0.11111111111111116,
      0.33333333333333337,
      0.33333333333333337,
      0.05555555555555558,
      0.05555555555555558,
      0.05555555555555558,
      0.05555555555555558,
      0.05555555555555558,
      0.05555555555555558,
      0.05555555555555558,
      0.05555555555555558,
      0.05555555555555558,
      0.05555555555555558,
      0.05555555555555558,
      0.05555555555555558,
      0.05555555555555558,
      0.05555555555555558,
      0.05555555555555558,
      0.05555555555555558,
      0.05555555555555558,
      0.5,
      0.04761904761904767,
      0.047619047619048005,
      -0.1309523809523816,
      0.047619047619048005,
      0.047619047619048005,
      0.047619047619048005,
      0.047619047619048005,
      0.04761904761904778,
      0.04761904761904767,
      0.047619047619048005,
