{
  "per_severity": {
    "minimum": {
      "N": 1634,
      "E": 11354,
      "eta": 0.1181956829812238,
      "kappa_mean": -0.042335703430438625,
      "kappa_std": 0.12749477192186104,
      "kappa_median": -0.05165941071428572,
      "entropy_mean": 2.2502511805703103,
      "entropy_norm_mean": 0.9871650780279728,
      "C_ent_mean": -0.00024502870457652684,
      "C_ent_std": 0.005595695489777654,
      "C_ent_median": 0.0
    },
    "mild": {
      "N": 3089,
      "E": 39840,
      "eta": 0.21539961659287826,
      "kappa_mean": -0.05905123308600606,
      "kappa_std": 0.044063557864260104,
      "kappa_median": -0.06327242857142858,
      "entropy_mean": 2.609512493347789,
      "entropy_norm_mean": 0.9913942248266538,
      "C_ent_mean": -0.0005371779146347196,
      "C_ent_std": 0.001139115027387152,
      "C_ent_median": 0.0
    },
    "moderate": {
      "N": 2238,
      "E": 24109,
      "eta": 0.20741403423512997,
      "kappa_mean": -0.05384881036230379,
      "kappa_std": 0.06257365560573268,
      "kappa_median": -0.063867625,
      "entropy_mean": 2.501654241110265,
      "entropy_norm_mean": 0.9897974993466202,
      "C_ent_mean": -0.0006926354547610061,
      "C_ent_std": 0.001543855893786877,
      "C_ent_median": 0.0
    },
    "severe": {
      "N": 2685,
      "E": 32168,
      "eta": 0.2138332522990197,
      "kappa_mean": -0.056915515472423864,
      "kappa_std": 0.05052149950909905,
      "kappa_median": -0.062304874999999996,
      "entropy_mean": 2.563042236562531,
      "entropy_norm_mean": 0.9920000646982285,
      "C_ent_mean": -0.0005692398474746278,
      "C_ent_std": 0.0012104680875317001,
      "C_ent_median": 0.0
    }
  },
  "pairwise_cohens_d": {
    "minimum_vs_mild": {
      "cohens_d": -0.08548537190918543,
      "n1": 1634,
      "n2": 3089,
      "mean1": -0.00024502870457652684,
      "mean2": -0.0005371779146347196
    },
    "minimum_vs_moderate": {
      "cohens_d": -0.11718339868065536,
      "n1": 1634,
      "n2": 2238,
      "mean1": -0.00024502870457652684,
      "mean2": -0.0006926354547610061
    },
    "minimum_vs_severe": {
      "cohens_d": -0.09077821961178109,
      "n1": 1634,
      "n2": 2685,
      "mean1": -0.00024502870457652684,
      "mean2": -0.0005692398474746278
    },
    "mild_vs_moderate": {
      "cohens_d": -0.1173886001993897,
      "n1": 3089,
      "n2": 2238,
      "mean1": -0.0005371779146347196,
      "mean2": -0.0006926354547610061
    },
    "mild_vs_severe": {
      "cohens_d": -0.027337132246190315,
      "n1": 3089,
      "n2": 2685,
      "mean1": -0.0005371779146347196,
      "mean2": -0.0005692398474746278
    },
    "moderate_vs_severe": {
      "cohens_d": 0.08993196977700915,
      "n1": 2238,
      "n2": 2685,
      "mean1": -0.0006926354547610061,
      "mean2": -0.0005692398474746278
    }
  }
}
