regime,mean_c_ent_variance,mean_residence_fraction_high_entropy,mean_entropy_production_rate,mean_hurst_exponent
normative,0.017474202439188957,0.14144759999999998,0.6890639448137734,0.7498754138034396
anxious,0.01461960468441248,0.18540900000000002,0.605987800065101,0.8621568568910764
ruminative,0.0118767274543643,0.12118499999999999,0.6675591391624662,0.4802930293070047
psychotic,0.009194951504468918,0.237891,0.6051837035079548,0.8313943854433393
